scan_date,analysis_date,ticker,action,confidence,free_tier,halt,entry_bid,stop_loss,target,momentum,chip_analysis,risk_factors,data_quality_flags
2026-04-11,2026-04-01,1336,CAUTION,0,True,False,13.98,14.05,14.86,,,,NO_BROKER_DATA|GATE_AVAILABLE:4|GATE_MET:1|GATE_FAIL:VWAP|GATE_PASS:VOL|GATE_FAIL:HIGH20|GATE_FAIL:RS|NO_SETUP|scoring_version:v2
2026-04-11,2026-04-01,1595,CAUTION,0,True,False,41.19,41.4,45.78,,,,NO_BROKER_DATA|GATE_AVAILABLE:4|GATE_MET:0|GATE_FAIL:VWAP|GATE_FAIL:VOL|GATE_FAIL:HIGH20|GATE_FAIL:RS|NO_SETUP|scoring_version:v2
2026-04-11,2026-04-01,1471,CAUTION,0,True,False,12.19,12.25,14.49,,,,NO_BROKER_DATA|GATE_AVAILABLE:4|GATE_MET:0|GATE_FAIL:VWAP|GATE_FAIL:VOL|GATE_FAIL:HIGH20|GATE_FAIL:RS|NO_SETUP|scoring_version:v2
2026-04-11,2026-04-01,1582,CAUTION,38,True,False,107.46,108.0,113.4,,,,NO_BROKER_DATA|scoring_version:v2|SECTOR_RANK:10/209
2026-04-11,2026-04-01,1569,CAUTION,20,True,False,49.75,50.0,52.5,,,,NO_BROKER_DATA|scoring_version:v2|SECTOR_RANK:22/111
2026-04-11,2026-04-01,2059,CAUTION,0,True,False,3437.72,3455.0,3753.75,,,,NO_BROKER_DATA|GATE_AVAILABLE:4|GATE_MET:1|GATE_PASS:VWAP|GATE_FAIL:VOL|GATE_FAIL:HIGH20|GATE_FAIL:RS|NO_SETUP|scoring_version:v2
2026-04-11,2026-04-01,2301,CAUTION,0,True,False,146.76,147.5,175.35,,,,NO_BROKER_DATA|GATE_AVAILABLE:4|GATE_MET:1|GATE_PASS:VWAP|GATE_FAIL:VOL|GATE_FAIL:HIGH20|GATE_FAIL:RS|NO_SETUP|scoring_version:v2
2026-04-11,2026-04-01,2302,CAUTION,0,True,False,17.61,17.7,19.84,,,,NO_BROKER_DATA|GATE_AVAILABLE:4|GATE_MET:0|GATE_FAIL:VWAP|GATE_FAIL:VOL|GATE_FAIL:HIGH20|GATE_FAIL:RS|NO_SETUP|scoring_version:v2
2026-04-11,2026-04-01,2305,CAUTION,0,True,False,15.82,15.9,18.17,,,,NO_BROKER_DATA|GATE_AVAILABLE:4|GATE_MET:0|GATE_FAIL:VWAP|GATE_FAIL:VOL|GATE_FAIL:HIGH20|GATE_FAIL:RS|NO_SETUP|scoring_version:v2
2026-04-11,2026-04-01,2308,CAUTION,0,True,False,1467.62,1475.0,1548.75,,,,NO_BROKER_DATA|GATE_AVAILABLE:4|GATE_MET:1|GATE_PASS:VWAP|GATE_FAIL:VOL|GATE_FAIL:HIGH20|GATE_FAIL:RS|NO_SETUP|scoring_version:v2
2026-04-11,2026-04-01,2303,CAUTION,0,True,False,57.11,57.4,62.69,,,,NO_BROKER_DATA|GATE_AVAILABLE:4|GATE_MET:1|GATE_PASS:VWAP|GATE_FAIL:VOL|GATE_FAIL:HIGH20|GATE_FAIL:RS|NO_SETUP|scoring_version:v2
2026-04-11,2026-04-01,1815,CAUTION,0,True,False,98.21,98.7,113.4,,,,NO_BROKER_DATA|GATE_AVAILABLE:4|GATE_MET:0|GATE_FAIL:VWAP|GATE_FAIL:VOL|GATE_FAIL:HIGH20|GATE_FAIL:RS|NO_SETUP|scoring_version:v2
2026-04-11,2026-04-01,2313,CAUTION,34,True,False,264.67,266.0,279.3,,,,NO_BROKER_DATA|scoring_version:v2|SECTOR_RANK:18/209
2026-04-11,2026-04-01,2316,CAUTION,0,True,False,99.0,99.5,118.65,,,,NO_BROKER_DATA|GATE_AVAILABLE:4|GATE_MET:0|GATE_FAIL:VWAP|GATE_FAIL:VOL|GATE_FAIL:HIGH20|GATE_FAIL:RS|NO_SETUP|scoring_version:v2
2026-04-11,2026-04-01,2324,CAUTION,0,True,False,27.31,27.45,29.66,,,,NO_BROKER_DATA|GATE_AVAILABLE:4|GATE_MET:0|GATE_FAIL:VWAP|GATE_FAIL:VOL|GATE_FAIL:HIGH20|GATE_FAIL:RS|NO_SETUP|scoring_version:v2
2026-04-11,2026-04-01,2328,CAUTION,0,True,False,44.77,45.0,49.72,,,,NO_BROKER_DATA|GATE_AVAILABLE:4|GATE_MET:1|GATE_PASS:VWAP|GATE_FAIL:VOL|GATE_FAIL:HIGH20|GATE_FAIL:RS|NO_SETUP|scoring_version:v2
2026-04-11,2026-04-01,2329,CAUTION,0,True,False,50.25,50.5,65.2,,,,NO_BROKER_DATA|GATE_AVAILABLE:4|GATE_MET:0|GATE_FAIL:VWAP|GATE_FAIL:VOL|GATE_FAIL:HIGH20|GATE_FAIL:RS|NO_SETUP|scoring_version:v2
2026-04-11,2026-04-01,2330,CAUTION,19,True,False,1845.72,1855.0,1947.75,,,,NO_BROKER_DATA|scoring_version:v2
2026-04-11,2026-04-01,2331,CAUTION,0,True,False,21.34,21.45,23.62,,,,NO_BROKER_DATA|GATE_AVAILABLE:4|GATE_MET:0|GATE_FAIL:VWAP|GATE_FAIL:VOL|GATE_FAIL:HIGH20|GATE_FAIL:RS|NO_SETUP|scoring_version:v2
2026-04-11,2026-04-01,2337,CAUTION,0,True,False,126.36,127.0,133.35,,,,NO_BROKER_DATA|GATE_AVAILABLE:4|GATE_MET:1|GATE_PASS:VWAP|GATE_FAIL:VOL|GATE_FAIL:HIGH20|GATE_FAIL:RS|NO_SETUP|scoring_version:v2
2026-04-11,2026-04-01,2340,CAUTION,0,True,False,25.17,25.3,30.03,,,,NO_BROKER_DATA|GATE_AVAILABLE:4|GATE_MET:0|GATE_FAIL:VWAP|GATE_FAIL:VOL|GATE_FAIL:HIGH20|GATE_FAIL:RS|NO_SETUP|scoring_version:v2
2026-04-11,2026-04-01,2338,CAUTION,0,True,False,43.23,43.45,56.18,,,,NO_BROKER_DATA|GATE_AVAILABLE:4|GATE_MET:0|GATE_FAIL:VWAP|GATE_FAIL:VOL|GATE_FAIL:HIGH20|GATE_FAIL:RS|NO_SETUP|scoring_version:v2
2026-04-11,2026-04-01,2342,CAUTION,0,True,False,28.66,28.8,35.59,,,,NO_BROKER_DATA|GATE_AVAILABLE:4|GATE_MET:0|GATE_FAIL:VWAP|GATE_FAIL:VOL|GATE_FAIL:HIGH20|GATE_FAIL:RS|NO_SETUP|scoring_version:v2
2026-04-11,2026-04-01,2344,CAUTION,0,True,False,92.63,93.1,134.4,,,,NO_BROKER_DATA|GATE_AVAILABLE:4|GATE_MET:1|GATE_PASS:VWAP|GATE_FAIL:VOL|GATE_FAIL:HIGH20|GATE_FAIL:RS|NO_SETUP|scoring_version:v2
2026-04-11,2026-04-01,2353,CAUTION,34,True,False,27.16,27.3,30.34,,,,NO_BROKER_DATA|scoring_version:v2|SECTOR_RANK:6/111
2026-04-11,2026-04-01,2352,CAUTION,0,True,False,23.18,23.3,24.99,,,,NO_BROKER_DATA|GATE_AVAILABLE:4|GATE_MET:0|GATE_FAIL:VWAP|GATE_FAIL:VOL|GATE_FAIL:HIGH20|GATE_FAIL:RS|NO_SETUP|scoring_version:v2
2026-04-11,2026-04-01,2351,CAUTION,34,True,False,102.98,103.5,108.68,,,,NO_BROKER_DATA|scoring_version:v2|SECTOR_RANK:15/198
2026-04-11,2026-04-01,2355,CAUTION,29,True,False,52.54,52.8,55.44,,,,NO_BROKER_DATA|scoring_version:v2|SECTOR_RANK:30/209
2026-04-11,2026-04-01,2356,CAUTION,0,True,False,40.89,41.1,43.16,,,,NO_BROKER_DATA|GATE_AVAILABLE:4|GATE_MET:0|GATE_FAIL:VWAP|GATE_FAIL:VOL|GATE_FAIL:HIGH20|GATE_FAIL:RS|NO_SETUP|scoring_version:v2
2026-04-11,2026-04-01,2363,CAUTION,0,True,False,47.41,47.65,55.44,,,,NO_BROKER_DATA|GATE_AVAILABLE:4|GATE_MET:0|GATE_FAIL:VWAP|GATE_FAIL:VOL|GATE_FAIL:HIGH20|GATE_FAIL:RS|NO_SETUP|scoring_version:v2
2026-04-11,2026-04-01,2357,CAUTION,0,True,False,564.16,567.0,613.2,,,,NO_BROKER_DATA|GATE_AVAILABLE:4|GATE_MET:1|GATE_PASS:VWAP|GATE_FAIL:VOL|GATE_FAIL:HIGH20|GATE_FAIL:RS|NO_SETUP|scoring_version:v2
2026-04-11,2026-04-01,2362,CAUTION,0,True,False,37.56,37.75,39.64,,,,NO_BROKER_DATA|GATE_AVAILABLE:4|GATE_MET:0|GATE_FAIL:VWAP|GATE_FAIL:VOL|GATE_FAIL:HIGH20|GATE_FAIL:RS|NO_SETUP|scoring_version:v2
2026-04-11,2026-04-01,2364,CAUTION,0,True,False,59.9,60.2,67.73,,,,NO_BROKER_DATA|GATE_AVAILABLE:4|GATE_MET:0|GATE_FAIL:VWAP|GATE_FAIL:VOL|GATE_FAIL:HIGH20|GATE_FAIL:RS|NO_SETUP|scoring_version:v2
2026-04-11,2026-04-01,2365,CAUTION,0,True,False,31.04,31.2,36.54,,,,NO_BROKER_DATA|GATE_AVAILABLE:4|GATE_MET:0|GATE_FAIL:VWAP|GATE_FAIL:VOL|GATE_FAIL:HIGH20|GATE_FAIL:RS|NO_SETUP|scoring_version:v2
2026-04-11,2026-04-01,2367,CAUTION,0,True,False,74.13,74.5,82.11,,,,NO_BROKER_DATA|GATE_AVAILABLE:4|GATE_MET:1|GATE_FAIL:VWAP|GATE_PASS:VOL|GATE_FAIL:HIGH20|GATE_FAIL:RS|NO_SETUP|scoring_version:v2
2026-04-11,2026-04-01,2368,CAUTION,36,True,False,941.27,946.0,1037.4,,,,NO_BROKER_DATA|scoring_version:v2|SECTOR_RANK:12/209
2026-04-11,2026-04-01,2369,CAUTION,0,True,False,30.1,30.25,35.75,,,,NO_BROKER_DATA|GATE_AVAILABLE:4|GATE_MET:1|GATE_PASS:VWAP|GATE_FAIL:VOL|GATE_FAIL:HIGH20|GATE_FAIL:RS|NO_SETUP|scoring_version:v2
2026-04-11,2026-04-01,2375,CAUTION,27,True,False,75.72,76.1,90.41,,,,NO_BROKER_DATA|scoring_version:v2|SECTOR_RANK:33/209
2026-04-11,2026-04-01,2376,CAUTION,0,True,False,230.84,232.0,260.4,,,,NO_BROKER_DATA|GATE_AVAILABLE:4|GATE_MET:1|GATE_PASS:VWAP|GATE_FAIL:VOL|GATE_FAIL:HIGH20|GATE_FAIL:RS|NO_SETUP|scoring_version:v2
2026-04-11,2026-04-01,2380,CAUTION,0,True,False,5.83,5.86,7.35,,,,NO_BROKER_DATA|GATE_AVAILABLE:4|GATE_MET:0|GATE_FAIL:VWAP|GATE_FAIL:VOL|GATE_FAIL:HIGH20|GATE_FAIL:RS|NO_SETUP|scoring_version:v2
2026-04-11,2026-04-01,2379,CAUTION,0,True,False,482.08,484.5,508.73,,,,NO_BROKER_DATA|GATE_AVAILABLE:4|GATE_MET:0|GATE_FAIL:VWAP|GATE_FAIL:VOL|GATE_FAIL:HIGH20|GATE_FAIL:RS|NO_SETUP|scoring_version:v2
2026-04-11,2026-04-01,2377,CAUTION,0,True,False,87.66,88.1,102.38,,,,NO_BROKER_DATA|GATE_AVAILABLE:4|GATE_MET:1|GATE_PASS:VWAP|GATE_FAIL:VOL|GATE_FAIL:HIGH20|GATE_FAIL:RS|NO_SETUP|scoring_version:v2
2026-04-11,2026-04-01,2382,CAUTION,36,True,False,289.05,290.5,305.03,,,,NO_BROKER_DATA|scoring_version:v2|SECTOR_RANK:4/111
2026-04-11,2026-04-01,2383,CAUTION,0,True,False,2845.7,2860.0,3034.5,,,,NO_BROKER_DATA|GATE_AVAILABLE:4|GATE_MET:1|GATE_PASS:VWAP|GATE_FAIL:VOL|GATE_FAIL:HIGH20|GATE_FAIL:RS|NO_SETUP|scoring_version:v2
2026-04-11,2026-04-01,2387,CAUTION,0,True,False,39.75,39.95,46.83,,,,NO_BROKER_DATA|GATE_AVAILABLE:4|GATE_MET:0|GATE_FAIL:VWAP|GATE_FAIL:VOL|GATE_FAIL:HIGH20|GATE_FAIL:RS|NO_SETUP|scoring_version:v2
2026-04-11,2026-04-01,2388,CAUTION,0,True,False,52.24,52.5,58.91,,,,NO_BROKER_DATA|GATE_AVAILABLE:4|GATE_MET:1|GATE_FAIL:VWAP|GATE_FAIL:VOL|GATE_FAIL:HIGH20|GATE_PASS:RS|NO_SETUP|scoring_version:v2
2026-04-11,2026-04-01,2395,CAUTION,0,True,False,329.34,331.0,393.75,,,,NO_BROKER_DATA|GATE_AVAILABLE:4|GATE_MET:1|GATE_PASS:VWAP|GATE_FAIL:VOL|GATE_FAIL:HIGH20|GATE_FAIL:RS|NO_SETUP|scoring_version:v2
2026-04-11,2026-04-01,2392,CAUTION,0,True,False,35.52,35.7,39.48,,,,NO_BROKER_DATA|GATE_AVAILABLE:4|GATE_MET:1|GATE_PASS:VWAP|GATE_FAIL:VOL|GATE_FAIL:HIGH20|GATE_FAIL:RS|NO_SETUP|scoring_version:v2
2026-04-11,2026-04-01,2385,CAUTION,0,True,False,119.4,120.0,130.72,,,,NO_BROKER_DATA|GATE_AVAILABLE:4|GATE_MET:0|GATE_FAIL:VWAP|GATE_FAIL:VOL|GATE_FAIL:HIGH20|GATE_FAIL:RS|NO_SETUP|scoring_version:v2
2026-04-11,2026-04-01,2402,CAUTION,27,True,False,51.34,51.6,54.18,,,,NO_BROKER_DATA|scoring_version:v2|SECTOR_RANK:34/209
2026-04-11,2026-04-01,2397,CAUTION,0,True,False,53.93,54.2,57.23,,,,NO_BROKER_DATA|GATE_AVAILABLE:4|GATE_MET:0|GATE_FAIL:VWAP|GATE_FAIL:VOL|GATE_FAIL:HIGH20|GATE_FAIL:RS|NO_SETUP|scoring_version:v2
2026-04-11,2026-04-01,2405,CAUTION,0,True,False,15.32,15.4,17.69,,,,NO_BROKER_DATA|GATE_AVAILABLE:4|GATE_MET:0|GATE_FAIL:VWAP|GATE_FAIL:VOL|GATE_FAIL:HIGH20|GATE_FAIL:RS|NO_SETUP|scoring_version:v2
2026-04-11,2026-04-01,2401,CAUTION,0,True,False,19.8,19.9,22.26,,,,NO_BROKER_DATA|GATE_AVAILABLE:4|GATE_MET:0|GATE_FAIL:VWAP|GATE_FAIL:VOL|GATE_FAIL:HIGH20|GATE_FAIL:RS|NO_SETUP|scoring_version:v2
2026-04-11,2026-04-01,2399,CAUTION,26,True,False,31.69,31.85,39.06,,,,NO_BROKER_DATA|scoring_version:v2|SECTOR_RANK:14/111
2026-04-11,2026-04-01,2413,CAUTION,0,True,False,49.85,50.1,61.74,,,,NO_BROKER_DATA|GATE_AVAILABLE:4|GATE_MET:0|GATE_FAIL:VWAP|GATE_FAIL:VOL|GATE_FAIL:HIGH20|GATE_FAIL:RS|NO_SETUP|scoring_version:v2
2026-04-11,2026-04-01,2408,CAUTION,0,True,False,209.94,211.0,227.33,,,,NO_BROKER_DATA|GATE_AVAILABLE:4|GATE_MET:0|GATE_FAIL:VWAP|GATE_FAIL:VOL|GATE_FAIL:HIGH20|GATE_FAIL:RS|NO_SETUP|scoring_version:v2
2026-04-11,2026-04-01,2417,CAUTION,0,True,False,34.23,34.4,36.12,,,,NO_BROKER_DATA|GATE_AVAILABLE:4|GATE_MET:1|GATE_PASS:VWAP|GATE_FAIL:VOL|GATE_FAIL:HIGH20|GATE_FAIL:RS|NO_SETUP|scoring_version:v2
2026-04-11,2026-04-01,2420,CAUTION,0,True,False,51.04,51.3,53.87,,,,NO_BROKER_DATA|GATE_AVAILABLE:4|GATE_MET:0|GATE_FAIL:VWAP|GATE_FAIL:VOL|GATE_FAIL:HIGH20|GATE_FAIL:RS|NO_SETUP|scoring_version:v2
2026-04-11,2026-04-01,2415,CAUTION,41,True,False,29.95,30.1,31.61,,,,NO_BROKER_DATA|scoring_version:v2|SECTOR_RANK:5/209
2026-04-11,2026-04-01,2421,CAUTION,0,True,False,127.36,128.0,163.28,,,,NO_BROKER_DATA|GATE_AVAILABLE:4|GATE_MET:0|GATE_FAIL:VWAP|GATE_FAIL:VOL|GATE_FAIL:HIGH20|GATE_FAIL:RS|NO_SETUP|scoring_version:v2
2026-04-11,2026-04-01,2425,CAUTION,0,True,False,26.52,26.65,32.6,,,,NO_BROKER_DATA|GATE_AVAILABLE:4|GATE_MET:0|GATE_FAIL:VWAP|GATE_FAIL:VOL|GATE_FAIL:HIGH20|GATE_FAIL:RS|NO_SETUP|scoring_version:v2
2026-04-11,2026-04-01,2431,CAUTION,0,True,False,11.84,11.9,13.33,,,,NO_BROKER_DATA|GATE_AVAILABLE:4|GATE_MET:0|GATE_FAIL:VWAP|GATE_FAIL:VOL|GATE_FAIL:HIGH20|GATE_FAIL:RS|NO_SETUP|scoring_version:v2
2026-04-11,2026-04-01,2428,CAUTION,0,True,False,154.72,155.5,169.58,,,,NO_BROKER_DATA|GATE_AVAILABLE:4|GATE_MET:1|GATE_PASS:VWAP|GATE_FAIL:VOL|GATE_FAIL:HIGH20|GATE_FAIL:RS|NO_SETUP|scoring_version:v2
2026-04-11,2026-04-01,2432,CAUTION,0,True,False,26.86,27.0,29.19,,,,NO_BROKER_DATA|GATE_AVAILABLE:4|GATE_MET:0|GATE_FAIL:VWAP|GATE_FAIL:VOL|GATE_FAIL:HIGH20|GATE_FAIL:RS|NO_SETUP|scoring_version:v2
2026-04-11,2026-04-01,2434,CAUTION,29,True,False,29.0,29.15,30.61,,,,NO_BROKER_DATA|scoring_version:v2|SECTOR_RANK:29/198
2026-04-11,2026-04-01,2436,CAUTION,0,True,False,60.79,61.1,69.41,,,,NO_BROKER_DATA|GATE_AVAILABLE:4|GATE_MET:1|GATE_FAIL:VWAP|GATE_FAIL:VOL|GATE_FAIL:HIGH20|GATE_PASS:RS|NO_SETUP|scoring_version:v2
2026-04-11,2026-04-01,2449,CAUTION,0,True,False,279.1,280.5,323.4,,,,NO_BROKER_DATA|GATE_AVAILABLE:4|GATE_MET:1|GATE_PASS:VWAP|GATE_FAIL:VOL|GATE_FAIL:HIGH20|GATE_FAIL:RS|NO_SETUP|scoring_version:v2
2026-04-11,2026-04-01,2441,CAUTION,0,True,False,87.96,88.4,99.96,,,,NO_BROKER_DATA|GATE_AVAILABLE:4|GATE_MET:0|GATE_FAIL:VWAP|GATE_FAIL:VOL|GATE_FAIL:HIGH20|GATE_FAIL:RS|NO_SETUP|scoring_version:v2
2026-04-11,2026-04-01,2440,CAUTION,0,True,False,14.08,14.15,15.28,,,,NO_BROKER_DATA|GATE_AVAILABLE:4|GATE_MET:0|GATE_FAIL:VWAP|GATE_FAIL:VOL|GATE_FAIL:HIGH20|GATE_FAIL:RS|NO_SETUP|scoring_version:v2
2026-04-11,2026-04-01,2451,CAUTION,0,True,False,228.85,230.0,324.45,,,,NO_BROKER_DATA|GATE_AVAILABLE:4|GATE_MET:1|GATE_PASS:VWAP|GATE_FAIL:VOL|GATE_FAIL:HIGH20|GATE_FAIL:RS|NO_SETUP|scoring_version:v2
2026-04-11,2026-04-01,2454,CAUTION,0,True,False,1457.67,1465.0,1748.25,,,,NO_BROKER_DATA|GATE_AVAILABLE:4|GATE_MET:1|GATE_FAIL:VWAP|GATE_PASS:VOL|GATE_FAIL:HIGH20|GATE_FAIL:RS|NO_SETUP|scoring_version:v2
2026-04-11,2026-04-01,2460,CAUTION,29,True,False,25.37,25.5,26.78,,,,NO_BROKER_DATA|scoring_version:v2|SECTOR_RANK:31/209
2026-04-11,2026-04-01,2457,CAUTION,0,True,False,24.63,24.75,29.82,,,,NO_BROKER_DATA|GATE_AVAILABLE:4|GATE_MET:0|GATE_FAIL:VWAP|GATE_FAIL:VOL|GATE_FAIL:HIGH20|GATE_FAIL:RS|NO_SETUP|scoring_version:v2
2026-04-11,2026-04-01,2458,CAUTION,34,True,False,126.86,127.5,133.88,,,,NO_BROKER_DATA|scoring_version:v2|SECTOR_RANK:16/198
2026-04-11,2026-04-01,2462,CAUTION,0,True,False,21.74,21.85,24.04,,,,NO_BROKER_DATA|GATE_AVAILABLE:4|GATE_MET:0|GATE_FAIL:VWAP|GATE_FAIL:VOL|GATE_FAIL:HIGH20|GATE_FAIL:RS|NO_SETUP|scoring_version:v2
2026-04-11,2026-04-01,2465,CAUTION,0,True,False,52.04,52.3,69.09,,,,NO_BROKER_DATA|GATE_AVAILABLE:4|GATE_MET:0|GATE_FAIL:VWAP|GATE_FAIL:VOL|GATE_FAIL:HIGH20|GATE_FAIL:RS|NO_SETUP|scoring_version:v2
2026-04-11,2026-04-01,2467,CAUTION,0,True,False,396.51,398.5,425.25,,,,NO_BROKER_DATA|GATE_AVAILABLE:4|GATE_MET:1|GATE_FAIL:VWAP|GATE_PASS:VOL|GATE_FAIL:HIGH20|GATE_FAIL:RS|NO_SETUP|scoring_version:v2
2026-04-11,2026-04-01,2472,CAUTION,43,True,False,132.34,133.0,139.65,,,,NO_BROKER_DATA|scoring_version:v2|SECTOR_RANK:3/209
2026-04-11,2026-04-01,2476,CAUTION,33,True,False,83.98,84.4,90.3,,,,NO_BROKER_DATA|scoring_version:v2|SECTOR_RANK:21/209
2026-04-11,2026-04-01,2478,CAUTION,0,True,False,58.9,59.2,77.17,,,,NO_BROKER_DATA|GATE_AVAILABLE:4|GATE_MET:0|GATE_FAIL:VWAP|GATE_FAIL:VOL|GATE_FAIL:HIGH20|GATE_FAIL:RS|NO_SETUP|scoring_version:v2
2026-04-11,2026-04-01,2481,CAUTION,0,True,False,88.16,88.6,99.54,,,,NO_BROKER_DATA|GATE_AVAILABLE:4|GATE_MET:0|GATE_FAIL:VWAP|GATE_FAIL:VOL|GATE_FAIL:HIGH20|GATE_FAIL:RS|NO_SETUP|scoring_version:v2
2026-04-11,2026-04-01,2483,CAUTION,0,True,False,20.75,20.85,23.57,,,,NO_BROKER_DATA|GATE_AVAILABLE:4|GATE_MET:0|GATE_FAIL:VWAP|GATE_FAIL:VOL|GATE_FAIL:HIGH20|GATE_FAIL:RS|NO_SETUP|scoring_version:v2
2026-04-11,2026-04-01,2492,CAUTION,0,True,False,117.41,118.0,148.58,,,,NO_BROKER_DATA|GATE_AVAILABLE:4|GATE_MET:0|GATE_FAIL:VWAP|GATE_FAIL:VOL|GATE_FAIL:HIGH20|GATE_FAIL:RS|NO_SETUP|scoring_version:v2
2026-04-11,2026-04-01,2484,CAUTION,38,True,False,31.09,31.25,32.81,,,,NO_BROKER_DATA|scoring_version:v2|SECTOR_RANK:11/209
2026-04-11,2026-04-01,2493,CAUTION,0,True,False,108.45,109.0,122.33,,,,NO_BROKER_DATA|GATE_AVAILABLE:4|GATE_MET:1|GATE_FAIL:VWAP|GATE_FAIL:VOL|GATE_FAIL:HIGH20|GATE_PASS:RS|NO_SETUP|scoring_version:v2
2026-04-11,2026-04-01,2495,CAUTION,0,True,False,34.03,34.2,41.48,,,,NO_BROKER_DATA|GATE_AVAILABLE:4|GATE_MET:0|GATE_FAIL:VWAP|GATE_FAIL:VOL|GATE_FAIL:HIGH20|GATE_FAIL:RS|NO_SETUP|scoring_version:v2
2026-04-11,2026-04-01,3002,CAUTION,0,True,False,18.51,18.6,20.68,,,,NO_BROKER_DATA|GATE_AVAILABLE:4|GATE_MET:0|GATE_FAIL:VWAP|GATE_FAIL:VOL|GATE_FAIL:HIGH20|GATE_FAIL:RS|NO_SETUP|scoring_version:v2
2026-04-11,2026-04-01,3003,CAUTION,0,True,False,49.6,49.85,53.24,,,,NO_BROKER_DATA|GATE_AVAILABLE:4|GATE_MET:1|GATE_PASS:VWAP|GATE_FAIL:VOL|GATE_FAIL:HIGH20|GATE_FAIL:RS|NO_SETUP|scoring_version:v2
2026-04-11,2026-04-01,3011,CAUTION,0,True,False,12.39,12.45,13.28,,,,NO_BROKER_DATA|GATE_AVAILABLE:4|GATE_MET:0|GATE_FAIL:VWAP|GATE_FAIL:VOL|GATE_FAIL:HIGH20|GATE_FAIL:RS|NO_SETUP|scoring_version:v2
2026-04-11,2026-04-01,3005,CAUTION,0,True,False,97.21,97.7,135.45,,,,NO_BROKER_DATA|GATE_AVAILABLE:4|GATE_MET:0|GATE_FAIL:VWAP|GATE_FAIL:VOL|GATE_FAIL:HIGH20|GATE_FAIL:RS|NO_SETUP|scoring_version:v2
2026-04-11,2026-04-01,3006,CAUTION,0,True,False,155.72,156.5,227.85,,,,NO_BROKER_DATA|GATE_AVAILABLE:4|GATE_MET:0|GATE_FAIL:VWAP|GATE_FAIL:VOL|GATE_FAIL:HIGH20|GATE_FAIL:RS|NO_SETUP|scoring_version:v2
2026-04-11,2026-04-01,3013,CAUTION,0,True,False,99.4,99.9,109.73,,,,NO_BROKER_DATA|GATE_AVAILABLE:4|GATE_MET:1|GATE_FAIL:VWAP|GATE_FAIL:VOL|GATE_FAIL:HIGH20|GATE_PASS:RS|NO_SETUP|scoring_version:v2
2026-04-11,2026-04-01,3017,CAUTION,0,True,False,2099.45,2110.0,2215.5,,,,NO_BROKER_DATA|GATE_AVAILABLE:4|GATE_MET:0|GATE_FAIL:VWAP|GATE_FAIL:VOL|GATE_FAIL:HIGH20|GATE_FAIL:RS|NO_SETUP|scoring_version:v2
2026-04-11,2026-04-01,3015,CAUTION,0,True,False,49.95,50.2,52.92,,,,NO_BROKER_DATA|GATE_AVAILABLE:4|GATE_MET:0|GATE_FAIL:VWAP|GATE_FAIL:VOL|GATE_FAIL:HIGH20|GATE_FAIL:RS|NO_SETUP|scoring_version:v2
2026-04-11,2026-04-01,3016,CAUTION,0,True,False,52.54,52.8,68.78,,,,NO_BROKER_DATA|GATE_AVAILABLE:4|GATE_MET:0|GATE_FAIL:VWAP|GATE_FAIL:VOL|GATE_FAIL:HIGH20|GATE_FAIL:RS|NO_SETUP|scoring_version:v2
2026-04-11,2026-04-01,3014,CAUTION,31,True,False,115.42,116.0,121.8,,,,NO_BROKER_DATA|scoring_version:v2|SECTOR_RANK:22/198
2026-04-11,2026-04-01,3021,CAUTION,0,True,False,15.82,15.9,16.7,,,,NO_BROKER_DATA|GATE_AVAILABLE:4|GATE_MET:1|GATE_PASS:VWAP|GATE_FAIL:VOL|GATE_FAIL:HIGH20|GATE_FAIL:RS|NO_SETUP|scoring_version:v2
2026-04-11,2026-04-01,3034,CAUTION,0,True,False,389.54,391.5,411.08,,,,NO_BROKER_DATA|GATE_AVAILABLE:4|GATE_MET:1|GATE_FAIL:VWAP|GATE_FAIL:VOL|GATE_FAIL:HIGH20|GATE_PASS:RS|NO_SETUP|scoring_version:v2
2026-04-11,2026-04-01,3022,CAUTION,0,True,False,61.09,61.4,71.92,,,,NO_BROKER_DATA|GATE_AVAILABLE:4|GATE_MET:0|GATE_FAIL:VWAP|GATE_FAIL:VOL|GATE_FAIL:HIGH20|GATE_FAIL:RS|NO_SETUP|scoring_version:v2
2026-04-11,2026-04-01,3023,CAUTION,40,True,False,258.2,259.5,272.48,,,,NO_BROKER_DATA|scoring_version:v2|SECTOR_RANK:9/209
2026-04-11,2026-04-01,3026,CAUTION,0,True,False,141.29,142.0,158.55,,,,NO_BROKER_DATA|GATE_AVAILABLE:4|GATE_MET:0|GATE_FAIL:VWAP|GATE_FAIL:VOL|GATE_FAIL:HIGH20|GATE_FAIL:RS|NO_SETUP|scoring_version:v2
2026-04-11,2026-04-01,3032,CAUTION,0,True,False,62.98,63.3,71.4,,,,NO_BROKER_DATA|GATE_AVAILABLE:4|GATE_MET:0|GATE_FAIL:VWAP|GATE_FAIL:VOL|GATE_FAIL:HIGH20|GATE_FAIL:RS|NO_SETUP|scoring_version:v2
2026-04-11,2026-04-01,3037,CAUTION,0,True,False,486.06,488.5,570.15,,,,NO_BROKER_DATA|GATE_AVAILABLE:4|GATE_MET:1|GATE_PASS:VWAP|GATE_FAIL:VOL|GATE_FAIL:HIGH20|GATE_FAIL:RS|NO_SETUP|scoring_version:v2
2026-04-11,2026-04-01,3041,CAUTION,0,True,False,22.09,22.2,24.62,,,,NO_BROKER_DATA|GATE_AVAILABLE:4|GATE_MET:0|GATE_FAIL:VWAP|GATE_FAIL:VOL|GATE_FAIL:HIGH20|GATE_FAIL:RS|NO_SETUP|scoring_version:v2
2026-04-11,2026-04-01,3035,CAUTION,0,True,False,143.78,144.5,151.72,,,,NO_BROKER_DATA|GATE_AVAILABLE:4|GATE_MET:0|GATE_FAIL:VWAP|GATE_FAIL:VOL|GATE_FAIL:HIGH20|GATE_FAIL:RS|NO_SETUP|scoring_version:v2
2026-04-11,2026-04-01,3042,CAUTION,17,True,False,93.43,93.9,98.6,,,,NO_BROKER_DATA|scoring_version:v2
2026-04-11,2026-04-01,3044,CAUTION,32,True,False,353.23,355.0,381.15,,,,NO_BROKER_DATA|scoring_version:v2|SECTOR_RANK:25/209
2026-04-11,2026-04-01,3057,CAUTION,0,True,False,15.67,15.75,19.21,,,,NO_BROKER_DATA|GATE_AVAILABLE:4|GATE_MET:0|GATE_FAIL:VWAP|GATE_FAIL:VOL|GATE_FAIL:HIGH20|GATE_FAIL:RS|NO_SETUP|scoring_version:v2
2026-04-11,2026-04-01,3058,CAUTION,0,True,False,9.45,9.5,11.03,,,,NO_BROKER_DATA|GATE_AVAILABLE:4|GATE_MET:0|GATE_FAIL:VWAP|GATE_FAIL:VOL|GATE_FAIL:HIGH20|GATE_FAIL:RS|NO_SETUP|scoring_version:v2
2026-04-11,2026-04-01,3071,CAUTION,0,True,False,27.86,28.0,31.34,,,,NO_BROKER_DATA|GATE_AVAILABLE:4|GATE_MET:0|GATE_FAIL:VWAP|GATE_FAIL:VOL|GATE_FAIL:HIGH20|GATE_FAIL:RS|NO_SETUP|scoring_version:v2
2026-04-11,2026-04-01,3046,CAUTION,0,True,False,46.37,46.6,49.66,,,,NO_BROKER_DATA|GATE_AVAILABLE:4|GATE_MET:0|GATE_FAIL:VWAP|GATE_FAIL:VOL|GATE_FAIL:HIGH20|GATE_FAIL:RS|NO_SETUP|scoring_version:v2
2026-04-11,2026-04-01,3060,CAUTION,0,True,False,28.76,28.9,36.54,,,,NO_BROKER_DATA|GATE_AVAILABLE:4|GATE_MET:0|GATE_FAIL:VWAP|GATE_FAIL:VOL|GATE_FAIL:HIGH20|GATE_FAIL:RS|NO_SETUP|scoring_version:v2
2026-04-11,2026-04-01,3088,CAUTION,0,True,False,81.09,81.5,87.99,,,,NO_BROKER_DATA|GATE_AVAILABLE:4|GATE_MET:0|GATE_FAIL:VWAP|GATE_FAIL:VOL|GATE_FAIL:HIGH20|GATE_FAIL:RS|NO_SETUP|scoring_version:v2
2026-04-11,2026-04-01,3078,CAUTION,14,True,False,56.71,57.0,63.84,,,,NO_BROKER_DATA|scoring_version:v2
2026-04-11,2026-04-01,3092,CAUTION,0,True,False,28.61,28.75,39.69,,,,NO_BROKER_DATA|GATE_AVAILABLE:4|GATE_MET:0|GATE_FAIL:VWAP|GATE_FAIL:VOL|GATE_FAIL:HIGH20|GATE_FAIL:RS|NO_SETUP|scoring_version:v2
2026-04-11,2026-04-01,3090,CAUTION,0,True,False,92.04,92.5,105.0,,,,NO_BROKER_DATA|GATE_AVAILABLE:4|GATE_MET:1|GATE_FAIL:VWAP|GATE_FAIL:VOL|GATE_FAIL:HIGH20|GATE_PASS:RS|NO_SETUP|scoring_version:v2
2026-04-11,2026-04-01,3094,CAUTION,0,True,False,22.54,22.65,23.78,,,,NO_BROKER_DATA|GATE_AVAILABLE:4|GATE_MET:1|GATE_PASS:VWAP|GATE_FAIL:VOL|GATE_FAIL:HIGH20|GATE_FAIL:RS|NO_SETUP|scoring_version:v2
2026-04-11,2026-04-01,3105,CAUTION,34,True,False,374.62,376.5,401.62,,,,NO_BROKER_DATA|scoring_version:v2|SECTOR_RANK:17/198
2026-04-11,2026-04-01,3115,CAUTION,0,True,False,9.65,9.7,10.19,,,,NO_BROKER_DATA|GATE_AVAILABLE:4|GATE_MET:1|GATE_PASS:VWAP|GATE_FAIL:VOL|GATE_FAIL:HIGH20|GATE_FAIL:RS|NO_SETUP|scoring_version:v2
2026-04-11,2026-04-01,3122,CAUTION,0,True,False,24.97,25.1,29.09,,,,NO_BROKER_DATA|GATE_AVAILABLE:4|GATE_MET:0|GATE_FAIL:VWAP|GATE_FAIL:VOL|GATE_FAIL:HIGH20|GATE_FAIL:RS|NO_SETUP|scoring_version:v2
2026-04-11,2026-04-01,3114,CAUTION,0,True,False,25.72,25.85,28.19,,,,NO_BROKER_DATA|GATE_AVAILABLE:4|GATE_MET:1|GATE_FAIL:VWAP|GATE_PASS:VOL|GATE_FAIL:HIGH20|GATE_FAIL:RS|NO_SETUP|scoring_version:v2
2026-04-11,2026-04-01,3135,CAUTION,0,True,False,105.97,106.5,150.15,,,,NO_BROKER_DATA|GATE_AVAILABLE:4|GATE_MET:0|GATE_FAIL:VWAP|GATE_FAIL:VOL|GATE_FAIL:HIGH20|GATE_FAIL:RS|NO_SETUP|scoring_version:v2
2026-04-11,2026-04-01,3178,WATCH,51,True,False,61.79,62.1,65.2,,,,NO_BROKER_DATA|scoring_version:v2|SECTOR_RANK:1/198
2026-04-11,2026-04-01,3169,CAUTION,0,True,False,90.35,90.8,106.58,,,,NO_BROKER_DATA|GATE_AVAILABLE:4|GATE_MET:0|GATE_FAIL:VWAP|GATE_FAIL:VOL|GATE_FAIL:HIGH20|GATE_FAIL:RS|NO_SETUP|scoring_version:v2
2026-04-11,2026-04-01,3189,CAUTION,0,True,False,330.34,332.0,353.85,,,,NO_BROKER_DATA|GATE_AVAILABLE:4|GATE_MET:0|GATE_FAIL:VWAP|GATE_FAIL:VOL|GATE_FAIL:HIGH20|GATE_FAIL:RS|NO_SETUP|scoring_version:v2
2026-04-11,2026-04-01,3150,CAUTION,0,True,False,17.21,17.3,20.32,,,,NO_BROKER_DATA|GATE_AVAILABLE:4|GATE_MET:0|GATE_FAIL:VWAP|GATE_FAIL:VOL|GATE_FAIL:HIGH20|GATE_FAIL:RS|NO_SETUP|scoring_version:v2
2026-04-11,2026-04-01,3141,CAUTION,0,True,False,41.64,41.85,43.94,,,,NO_BROKER_DATA|GATE_AVAILABLE:4|GATE_MET:0|GATE_FAIL:VWAP|GATE_FAIL:VOL|GATE_FAIL:HIGH20|GATE_FAIL:RS|NO_SETUP|scoring_version:v2
2026-04-11,2026-04-01,3207,CAUTION,0,True,False,66.67,67.0,72.98,,,,NO_BROKER_DATA|GATE_AVAILABLE:4|GATE_MET:1|GATE_PASS:VWAP|GATE_FAIL:VOL|GATE_FAIL:HIGH20|GATE_FAIL:RS|NO_SETUP|scoring_version:v2
2026-04-11,2026-04-01,3191,CAUTION,0,True,False,13.58,13.65,14.38,,,,NO_BROKER_DATA|GATE_AVAILABLE:4|GATE_MET:1|GATE_PASS:VWAP|GATE_FAIL:VOL|GATE_FAIL:HIGH20|GATE_FAIL:RS|NO_SETUP|scoring_version:v2
2026-04-11,2026-04-01,3211,CAUTION,0,True,False,350.74,352.5,383.25,,,,NO_BROKER_DATA|GATE_AVAILABLE:4|GATE_MET:0|GATE_FAIL:VWAP|GATE_FAIL:VOL|GATE_FAIL:HIGH20|GATE_FAIL:RS|NO_SETUP|scoring_version:v2
2026-04-11,2026-04-01,3206,CAUTION,36,True,False,39.95,40.15,42.16,,,,NO_BROKER_DATA|scoring_version:v2|SECTOR_RANK:13/209
2026-04-11,2026-04-01,3213,CAUTION,15,True,False,99.3,99.8,107.1,,,,NO_BROKER_DATA|scoring_version:v2
2026-04-11,2026-04-01,3228,CAUTION,12,True,False,134.32,135.0,145.43,,,,NO_BROKER_DATA|scoring_version:v2
2026-04-11,2026-04-01,3217,CAUTION,0,True,False,152.73,153.5,166.95,,,,NO_BROKER_DATA|GATE_AVAILABLE:4|GATE_MET:1|GATE_PASS:VWAP|GATE_FAIL:VOL|GATE_FAIL:HIGH20|GATE_FAIL:RS|NO_SETUP|scoring_version:v2
2026-04-11,2026-04-01,3227,CAUTION,0,True,False,181.59,182.5,191.62,,,,NO_BROKER_DATA|GATE_AVAILABLE:4|GATE_MET:0|GATE_FAIL:VWAP|GATE_FAIL:VOL|GATE_FAIL:HIGH20|GATE_FAIL:RS|NO_SETUP|scoring_version:v2
2026-04-11,2026-04-01,3229,CAUTION,0,True,False,19.5,19.6,22.94,,,,NO_BROKER_DATA|GATE_AVAILABLE:4|GATE_MET:0|GATE_FAIL:VWAP|GATE_FAIL:VOL|GATE_FAIL:HIGH20|GATE_FAIL:RS|NO_SETUP|scoring_version:v2
2026-04-11,2026-04-01,3231,CAUTION,36,True,False,126.36,127.0,136.5,,,,NO_BROKER_DATA|scoring_version:v2|SECTOR_RANK:5/111
2026-04-11,2026-04-01,3236,CAUTION,16,True,False,31.04,31.2,34.23,,,,NO_BROKER_DATA|scoring_version:v2
2026-04-11,2026-04-01,3264,CAUTION,44,True,False,165.17,166.0,174.3,,,,NO_BROKER_DATA|scoring_version:v2|SECTOR_RANK:4/198
2026-04-11,2026-04-01,3260,CAUTION,0,True,False,366.66,368.5,386.93,,,,NO_BROKER_DATA|GATE_AVAILABLE:4|GATE_MET:1|GATE_PASS:VWAP|GATE_FAIL:VOL|GATE_FAIL:HIGH20|GATE_FAIL:RS|NO_SETUP|scoring_version:v2
2026-04-11,2026-04-01,3259,CAUTION,0,True,False,17.71,17.8,21.11,,,,NO_BROKER_DATA|GATE_AVAILABLE:4|GATE_MET:1|GATE_PASS:VWAP|GATE_FAIL:VOL|GATE_FAIL:HIGH20|GATE_FAIL:RS|NO_SETUP|scoring_version:v2
2026-04-11,2026-04-01,3257,CAUTION,0,True,False,53.23,53.5,56.49,,,,NO_BROKER_DATA|GATE_AVAILABLE:4|GATE_MET:1|GATE_PASS:VWAP|GATE_FAIL:VOL|GATE_FAIL:HIGH20|GATE_FAIL:RS|NO_SETUP|scoring_version:v2
2026-04-11,2026-04-01,3265,CAUTION,30,True,False,145.77,146.5,153.83,,,,NO_BROKER_DATA|scoring_version:v2|SECTOR_RANK:25/198
2026-04-11,2026-04-01,3272,CAUTION,0,True,False,15.92,16.0,18.17,,,,NO_BROKER_DATA|GATE_AVAILABLE:4|GATE_MET:0|GATE_FAIL:VWAP|GATE_FAIL:VOL|GATE_FAIL:HIGH20|GATE_FAIL:RS|NO_SETUP|scoring_version:v2
2026-04-11,2026-04-01,3276,CAUTION,9,True,False,13.83,13.9,14.6,,,,NO_BROKER_DATA|scoring_version:v2
2026-04-11,2026-04-01,3268,CAUTION,0,True,False,15.02,15.1,16.64,,,,NO_BROKER_DATA|GATE_AVAILABLE:4|GATE_MET:0|GATE_FAIL:VWAP|GATE_FAIL:VOL|GATE_FAIL:HIGH20|GATE_FAIL:RS|NO_SETUP|scoring_version:v2
2026-04-11,2026-04-01,3287,CAUTION,15,True,False,28.01,28.15,31.61,,,,NO_BROKER_DATA|scoring_version:v2
2026-04-11,2026-04-01,3290,CAUTION,19,True,False,43.18,43.4,47.46,,,,NO_BROKER_DATA|scoring_version:v2
2026-04-11,2026-04-01,3288,CAUTION,0,True,False,14.53,14.6,17.17,,,,NO_BROKER_DATA|GATE_AVAILABLE:4|GATE_MET:0|GATE_FAIL:VWAP|GATE_FAIL:VOL|GATE_FAIL:HIGH20|GATE_FAIL:RS|NO_SETUP|scoring_version:v2
2026-04-11,2026-04-01,3294,CAUTION,0,True,False,31.74,31.9,36.86,,,,NO_BROKER_DATA|GATE_AVAILABLE:4|GATE_MET:0|GATE_FAIL:VWAP|GATE_FAIL:VOL|GATE_FAIL:HIGH20|GATE_FAIL:RS|NO_SETUP|scoring_version:v2
2026-04-11,2026-04-01,3308,CAUTION,0,True,False,20.6,20.7,26.46,,,,NO_BROKER_DATA|GATE_AVAILABLE:4|GATE_MET:1|GATE_PASS:VWAP|GATE_FAIL:VOL|GATE_FAIL:HIGH20|GATE_FAIL:RS|NO_SETUP|scoring_version:v2
2026-04-11,2026-04-01,3296,CAUTION,31,True,False,21.84,21.95,23.05,,,,NO_BROKER_DATA|scoring_version:v2|SECTOR_RANK:27/209
2026-04-11,2026-04-01,3310,CAUTION,0,True,False,72.14,72.5,88.1,,,,NO_BROKER_DATA|GATE_AVAILABLE:4|GATE_MET:0|GATE_FAIL:VWAP|GATE_FAIL:VOL|GATE_FAIL:HIGH20|GATE_FAIL:RS|NO_SETUP|scoring_version:v2
2026-04-11,2026-04-01,3317,CAUTION,35,True,False,50.15,50.4,53.55,,,,NO_BROKER_DATA|scoring_version:v2|SECTOR_RANK:14/198
2026-04-11,2026-04-01,3321,CAUTION,0,True,False,15.62,15.7,18.69,,,,NO_BROKER_DATA|GATE_AVAILABLE:4|GATE_MET:0|GATE_FAIL:VWAP|GATE_FAIL:VOL|GATE_FAIL:HIGH20|GATE_FAIL:RS|NO_SETUP|scoring_version:v2
2026-04-11,2026-04-01,3322,CAUTION,0,True,False,12.59,12.65,14.91,,,,NO_BROKER_DATA|GATE_AVAILABLE:4|GATE_MET:0|GATE_FAIL:VWAP|GATE_FAIL:VOL|GATE_FAIL:HIGH20|GATE_FAIL:RS|NO_SETUP|scoring_version:v2
2026-04-11,2026-04-01,3323,CAUTION,0,True,False,32.88,33.05,37.17,,,,NO_BROKER_DATA|GATE_AVAILABLE:4|GATE_MET:0|GATE_FAIL:VWAP|GATE_FAIL:VOL|GATE_FAIL:HIGH20|GATE_FAIL:RS|NO_SETUP|scoring_version:v2
2026-04-11,2026-04-01,3325,CAUTION,0,True,False,12.64,12.7,14.28,,,,NO_BROKER_DATA|GATE_AVAILABLE:4|GATE_MET:0|GATE_FAIL:VWAP|GATE_FAIL:VOL|GATE_FAIL:HIGH20|GATE_FAIL:RS|NO_SETUP|scoring_version:v2
2026-04-11,2026-04-01,3332,CAUTION,0,True,False,55.02,55.3,60.9,,,,NO_BROKER_DATA|GATE_AVAILABLE:4|GATE_MET:0|GATE_FAIL:VWAP|GATE_FAIL:VOL|GATE_FAIL:HIGH20|GATE_FAIL:RS|NO_SETUP|scoring_version:v2
2026-04-11,2026-04-01,3338,CAUTION,0,True,False,59.6,59.9,69.41,,,,NO_BROKER_DATA|GATE_AVAILABLE:4|GATE_MET:0|GATE_FAIL:VWAP|GATE_FAIL:VOL|GATE_FAIL:HIGH20|GATE_FAIL:RS|NO_SETUP|scoring_version:v2
2026-04-11,2026-04-01,3349,CAUTION,14,True,False,27.56,27.7,29.29,,,,NO_BROKER_DATA|scoring_version:v2
2026-04-11,2026-04-01,3354,CAUTION,0,True,False,24.28,24.4,34.07,,,,NO_BROKER_DATA|GATE_AVAILABLE:4|GATE_MET:0|GATE_FAIL:VWAP|GATE_FAIL:VOL|GATE_FAIL:HIGH20|GATE_FAIL:RS|NO_SETUP|scoring_version:v2
2026-04-11,2026-04-01,3357,CAUTION,0,True,False,144.77,145.5,165.9,,,,NO_BROKER_DATA|GATE_AVAILABLE:4|GATE_MET:0|GATE_FAIL:VWAP|GATE_FAIL:VOL|GATE_FAIL:HIGH20|GATE_FAIL:RS|NO_SETUP|scoring_version:v2
2026-04-11,2026-04-01,3372,CAUTION,0,True,False,18.91,19.0,24.36,,,,NO_BROKER_DATA|GATE_AVAILABLE:4|GATE_MET:0|GATE_FAIL:VWAP|GATE_FAIL:VOL|GATE_FAIL:HIGH20|GATE_FAIL:RS|NO_SETUP|scoring_version:v2
2026-04-11,2026-04-01,3374,CAUTION,12,True,False,158.7,159.5,183.75,,,,NO_BROKER_DATA|scoring_version:v2
2026-04-11,2026-04-01,3376,CAUTION,0,True,False,195.02,196.0,235.2,,,,NO_BROKER_DATA|GATE_AVAILABLE:4|GATE_MET:0|GATE_FAIL:VWAP|GATE_FAIL:VOL|GATE_FAIL:HIGH20|GATE_FAIL:RS|NO_SETUP|scoring_version:v2
2026-04-11,2026-04-01,3388,CAUTION,32,True,False,65.67,66.0,69.51,,,,NO_BROKER_DATA|scoring_version:v2|SECTOR_RANK:26/209
2026-04-11,2026-04-01,3390,CAUTION,0,True,False,21.14,21.25,23.15,,,,NO_BROKER_DATA|GATE_AVAILABLE:4|GATE_MET:0|GATE_FAIL:VWAP|GATE_FAIL:VOL|GATE_FAIL:HIGH20|GATE_FAIL:RS|NO_SETUP|scoring_version:v2
2026-04-11,2026-04-01,3413,CAUTION,0,True,False,293.52,295.0,339.68,,,,NO_BROKER_DATA|GATE_AVAILABLE:4|GATE_MET:0|GATE_FAIL:VWAP|GATE_FAIL:VOL|GATE_FAIL:HIGH20|GATE_FAIL:RS|NO_SETUP|scoring_version:v2
2026-04-11,2026-04-01,3416,CAUTION,0,True,False,143.28,144.0,158.03,,,,NO_BROKER_DATA|GATE_AVAILABLE:4|GATE_MET:0|GATE_FAIL:VWAP|GATE_FAIL:VOL|GATE_FAIL:HIGH20|GATE_FAIL:RS|NO_SETUP|scoring_version:v2
2026-04-11,2026-04-01,3438,CAUTION,0,True,False,44.13,44.35,50.87,,,,NO_BROKER_DATA|GATE_AVAILABLE:4|GATE_MET:0|GATE_FAIL:VWAP|GATE_FAIL:VOL|GATE_FAIL:HIGH20|GATE_FAIL:RS|NO_SETUP|scoring_version:v2
2026-04-11,2026-04-01,3432,CAUTION,0,True,False,16.57,16.65,18.11,,,,NO_BROKER_DATA|GATE_AVAILABLE:4|GATE_MET:0|GATE_FAIL:VWAP|GATE_FAIL:VOL|GATE_FAIL:HIGH20|GATE_FAIL:RS|NO_SETUP|scoring_version:v2
2026-04-11,2026-04-01,3443,CAUTION,0,True,False,2343.22,2355.0,2740.5,,,,NO_BROKER_DATA|GATE_AVAILABLE:4|GATE_MET:0|GATE_FAIL:VWAP|GATE_FAIL:VOL|GATE_FAIL:HIGH20|GATE_FAIL:RS|NO_SETUP|scoring_version:v2
2026-04-11,2026-04-01,3483,CAUTION,0,True,False,76.61,77.0,85.58,,,,NO_BROKER_DATA|GATE_AVAILABLE:4|GATE_MET:0|GATE_FAIL:VWAP|GATE_FAIL:VOL|GATE_FAIL:HIGH20|GATE_FAIL:RS|NO_SETUP|scoring_version:v2
2026-04-11,2026-04-01,3479,CAUTION,0,True,False,84.87,85.3,93.55,,,,NO_BROKER_DATA|GATE_AVAILABLE:4|GATE_MET:1|GATE_PASS:VWAP|GATE_FAIL:VOL|GATE_FAIL:HIGH20|GATE_FAIL:RS|NO_SETUP|scoring_version:v2
2026-04-11,2026-04-01,3467,CAUTION,0,True,False,42.78,43.0,49.56,,,,NO_BROKER_DATA|GATE_AVAILABLE:4|GATE_MET:0|GATE_FAIL:VWAP|GATE_FAIL:VOL|GATE_FAIL:HIGH20|GATE_FAIL:RS|NO_SETUP|scoring_version:v2
2026-04-11,2026-04-01,3450,CAUTION,0,True,False,246.26,247.5,299.78,,,,NO_BROKER_DATA|GATE_AVAILABLE:4|GATE_MET:0|GATE_FAIL:VWAP|GATE_FAIL:VOL|GATE_FAIL:HIGH20|GATE_FAIL:RS|NO_SETUP|scoring_version:v2
2026-04-11,2026-04-01,3484,CAUTION,0,True,False,44.58,44.8,48.62,,,,NO_BROKER_DATA|GATE_AVAILABLE:4|GATE_MET:1|GATE_PASS:VWAP|GATE_FAIL:VOL|GATE_FAIL:HIGH20|GATE_FAIL:RS|NO_SETUP|scoring_version:v2
2026-04-11,2026-04-01,3494,CAUTION,0,True,False,7.88,7.92,8.45,,,,NO_BROKER_DATA|GATE_AVAILABLE:4|GATE_MET:0|GATE_FAIL:VWAP|GATE_FAIL:VOL|GATE_FAIL:HIGH20|GATE_FAIL:RS|NO_SETUP|scoring_version:v2
2026-04-11,2026-04-01,3492,CAUTION,0,True,False,23.18,23.3,27.83,,,,NO_BROKER_DATA|GATE_AVAILABLE:4|GATE_MET:0|GATE_FAIL:VWAP|GATE_FAIL:VOL|GATE_FAIL:HIGH20|GATE_FAIL:RS|NO_SETUP|scoring_version:v2
2026-04-11,2026-04-01,3511,CAUTION,27,True,False,19.2,19.3,20.27,,,,NO_BROKER_DATA|scoring_version:v2|SECTOR_RANK:35/209
2026-04-11,2026-04-01,3501,CAUTION,36,True,False,48.06,48.3,51.14,,,,NO_BROKER_DATA|scoring_version:v2|SECTOR_RANK:14/209
2026-04-11,2026-04-01,3515,CAUTION,0,True,False,205.97,207.0,220.5,,,,NO_BROKER_DATA|GATE_AVAILABLE:4|GATE_MET:0|GATE_FAIL:VWAP|GATE_FAIL:VOL|GATE_FAIL:HIGH20|GATE_FAIL:RS|NO_SETUP|scoring_version:v2
2026-04-11,2026-04-01,3526,CAUTION,0,True,False,280.59,282.0,300.82,,,,NO_BROKER_DATA|GATE_AVAILABLE:4|GATE_MET:1|GATE_PASS:VWAP|GATE_FAIL:VOL|GATE_FAIL:HIGH20|GATE_FAIL:RS|NO_SETUP|scoring_version:v2
2026-04-11,2026-04-01,3527,CAUTION,0,True,False,51.94,52.2,59.75,,,,NO_BROKER_DATA|GATE_AVAILABLE:4|GATE_MET:0|GATE_FAIL:VWAP|GATE_FAIL:VOL|GATE_FAIL:HIGH20|GATE_FAIL:RS|NO_SETUP|scoring_version:v2
2026-04-11,2026-04-01,3520,CAUTION,0,True,False,14.23,14.3,15.65,,,,NO_BROKER_DATA|GATE_AVAILABLE:4|GATE_MET:0|GATE_FAIL:VWAP|GATE_FAIL:VOL|GATE_FAIL:HIGH20|GATE_FAIL:RS|NO_SETUP|scoring_version:v2
2026-04-11,2026-04-01,3529,CAUTION,0,True,False,2711.38,2725.0,2861.25,,,,NO_BROKER_DATA|GATE_AVAILABLE:4|GATE_MET:0|GATE_FAIL:VWAP|GATE_FAIL:VOL|GATE_FAIL:HIGH20|GATE_FAIL:RS|NO_SETUP|scoring_version:v2
2026-04-11,2026-04-01,3530,CAUTION,0,True,False,57.61,57.9,65.0,,,,NO_BROKER_DATA|GATE_AVAILABLE:4|GATE_MET:1|GATE_PASS:VWAP|GATE_FAIL:VOL|GATE_FAIL:HIGH20|GATE_FAIL:RS|NO_SETUP|scoring_version:v2
2026-04-11,2026-04-01,3532,CAUTION,0,True,False,134.32,135.0,141.75,,,,NO_BROKER_DATA|GATE_AVAILABLE:4|GATE_MET:0|GATE_FAIL:VWAP|GATE_FAIL:VOL|GATE_FAIL:HIGH20|GATE_FAIL:RS|NO_SETUP|scoring_version:v2
2026-04-11,2026-04-01,3537,CAUTION,0,True,False,42.34,42.55,47.04,,,,NO_BROKER_DATA|GATE_AVAILABLE:4|GATE_MET:0|GATE_FAIL:VWAP|GATE_FAIL:VOL|GATE_FAIL:HIGH20|GATE_FAIL:RS|NO_SETUP|scoring_version:v2
2026-04-11,2026-04-01,3533,CAUTION,0,True,False,2114.38,2125.0,2231.25,,,,NO_BROKER_DATA|GATE_AVAILABLE:4|GATE_MET:0|GATE_FAIL:VWAP|GATE_FAIL:VOL|GATE_FAIL:HIGH20|GATE_FAIL:RS|NO_SETUP|scoring_version:v2
2026-04-11,2026-04-01,3545,CAUTION,44,True,False,48.46,48.7,52.19,,,,NO_BROKER_DATA|scoring_version:v2|SECTOR_RANK:5/198
2026-04-11,2026-04-01,3540,CAUTION,0,True,False,26.67,26.8,29.24,,,,NO_BROKER_DATA|GATE_AVAILABLE:4|GATE_MET:0|GATE_FAIL:VWAP|GATE_FAIL:VOL|GATE_FAIL:HIGH20|GATE_FAIL:RS|NO_SETUP|scoring_version:v2
2026-04-11,2026-04-01,3548,CAUTION,0,True,False,80.5,80.9,92.72,,,,NO_BROKER_DATA|GATE_AVAILABLE:4|GATE_MET:1|GATE_PASS:VWAP|GATE_FAIL:VOL|GATE_FAIL:HIGH20|GATE_FAIL:RS|NO_SETUP|scoring_version:v2
2026-04-11,2026-04-01,3550,CAUTION,0,True,False,18.46,18.55,21.16,,,,NO_BROKER_DATA|GATE_AVAILABLE:4|GATE_MET:1|GATE_FAIL:VWAP|GATE_FAIL:VOL|GATE_FAIL:HIGH20|GATE_PASS:RS|NO_SETUP|scoring_version:v2
2026-04-11,2026-04-01,3555,CAUTION,0,True,False,156.22,157.0,186.9,,,,NO_BROKER_DATA|GATE_AVAILABLE:4|GATE_MET:1|GATE_PASS:VWAP|GATE_FAIL:VOL|GATE_FAIL:HIGH20|GATE_FAIL:RS|NO_SETUP|scoring_version:v2
2026-04-11,2026-04-01,3567,CAUTION,0,True,False,25.02,25.15,28.25,,,,NO_BROKER_DATA|GATE_AVAILABLE:4|GATE_MET:0|GATE_FAIL:VWAP|GATE_FAIL:VOL|GATE_FAIL:HIGH20|GATE_FAIL:RS|NO_SETUP|scoring_version:v2
2026-04-11,2026-04-01,3556,CAUTION,0,True,False,42.49,42.7,47.51,,,,NO_BROKER_DATA|GATE_AVAILABLE:4|GATE_MET:0|GATE_FAIL:VWAP|GATE_FAIL:VOL|GATE_FAIL:HIGH20|GATE_FAIL:RS|NO_SETUP|scoring_version:v2
2026-04-11,2026-04-01,3577,CAUTION,0,True,False,71.34,71.7,76.44,,,,NO_BROKER_DATA|GATE_AVAILABLE:4|GATE_MET:1|GATE_FAIL:VWAP|GATE_FAIL:VOL|GATE_FAIL:HIGH20|GATE_PASS:RS|NO_SETUP|scoring_version:v2
2026-04-11,2026-04-01,3581,CAUTION,0,True,False,67.46,67.8,80.85,,,,NO_BROKER_DATA|GATE_AVAILABLE:4|GATE_MET:0|GATE_FAIL:VWAP|GATE_FAIL:VOL|GATE_FAIL:HIGH20|GATE_FAIL:RS|NO_SETUP|scoring_version:v2
2026-04-11,2026-04-01,3588,CAUTION,0,True,False,46.91,47.15,52.08,,,,NO_BROKER_DATA|GATE_AVAILABLE:4|GATE_MET:0|GATE_FAIL:VWAP|GATE_FAIL:VOL|GATE_FAIL:HIGH20|GATE_FAIL:RS|NO_SETUP|scoring_version:v2
2026-04-11,2026-04-01,3592,CAUTION,37,True,False,223.88,225.0,236.25,,,,NO_BROKER_DATA|scoring_version:v2|SECTOR_RANK:9/198
2026-04-11,2026-04-01,3583,CAUTION,0,True,False,462.68,465.0,526.05,,,,NO_BROKER_DATA|GATE_AVAILABLE:4|GATE_MET:0|GATE_FAIL:VWAP|GATE_FAIL:VOL|GATE_FAIL:HIGH20|GATE_FAIL:RS|NO_SETUP|scoring_version:v2
2026-04-11,2026-04-01,3593,CAUTION,27,True,False,13.23,13.3,14.02,,,,NO_BROKER_DATA|scoring_version:v2|SECTOR_RANK:36/209
2026-04-11,2026-04-01,3594,CAUTION,0,True,False,39.05,39.25,44.68,,,,NO_BROKER_DATA|GATE_AVAILABLE:4|GATE_MET:1|GATE_PASS:VWAP|GATE_FAIL:VOL|GATE_FAIL:HIGH20|GATE_FAIL:RS|NO_SETUP|scoring_version:v2
2026-04-11,2026-04-01,3597,CAUTION,12,True,False,23.33,23.45,24.62,,,,NO_BROKER_DATA|scoring_version:v2
2026-04-11,2026-04-01,3605,CAUTION,0,True,False,56.22,56.5,66.99,,,,NO_BROKER_DATA|GATE_AVAILABLE:4|GATE_MET:0|GATE_FAIL:VWAP|GATE_FAIL:VOL|GATE_FAIL:HIGH20|GATE_FAIL:RS|NO_SETUP|scoring_version:v2
2026-04-11,2026-04-01,3607,CAUTION,0,True,False,14.13,14.2,15.28,,,,NO_BROKER_DATA|GATE_AVAILABLE:4|GATE_MET:0|GATE_FAIL:VWAP|GATE_FAIL:VOL|GATE_FAIL:HIGH20|GATE_FAIL:RS|NO_SETUP|scoring_version:v2
2026-04-11,2026-04-01,3609,CAUTION,0,True,False,27.46,27.6,31.13,,,,NO_BROKER_DATA|GATE_AVAILABLE:4|GATE_MET:0|GATE_FAIL:VWAP|GATE_FAIL:VOL|GATE_FAIL:HIGH20|GATE_FAIL:RS|NO_SETUP|scoring_version:v2
2026-04-11,2026-04-01,3611,CAUTION,0,True,False,185.07,186.0,198.97,,,,NO_BROKER_DATA|GATE_AVAILABLE:4|GATE_MET:1|GATE_PASS:VWAP|GATE_FAIL:VOL|GATE_FAIL:HIGH20|GATE_FAIL:RS|NO_SETUP|scoring_version:v2
2026-04-11,2026-04-01,3625,CAUTION,0,True,False,16.72,16.8,18.95,,,,NO_BROKER_DATA|GATE_AVAILABLE:4|GATE_MET:0|GATE_FAIL:VWAP|GATE_FAIL:VOL|GATE_FAIL:HIGH20|GATE_FAIL:RS|NO_SETUP|scoring_version:v2
2026-04-11,2026-04-01,3631,CAUTION,0,True,False,28.11,28.25,30.03,,,,NO_BROKER_DATA|GATE_AVAILABLE:4|GATE_MET:1|GATE_PASS:VWAP|GATE_FAIL:VOL|GATE_FAIL:HIGH20|GATE_FAIL:RS|NO_SETUP|scoring_version:v2
2026-04-11,2026-04-01,3624,CAUTION,0,True,False,46.96,47.2,57.65,,,,NO_BROKER_DATA|GATE_AVAILABLE:4|GATE_MET:1|GATE_PASS:VWAP|GATE_FAIL:VOL|GATE_FAIL:HIGH20|GATE_FAIL:RS|NO_SETUP|scoring_version:v2
2026-04-11,2026-04-01,3645,CAUTION,0,True,False,72.73,73.1,87.05,,,,NO_BROKER_DATA|GATE_AVAILABLE:4|GATE_MET:0|GATE_FAIL:VWAP|GATE_FAIL:VOL|GATE_FAIL:HIGH20|GATE_FAIL:RS|NO_SETUP|scoring_version:v2
2026-04-11,2026-04-01,3646,CAUTION,0,True,False,24.08,24.2,25.83,,,,NO_BROKER_DATA|GATE_AVAILABLE:4|GATE_MET:1|GATE_PASS:VWAP|GATE_FAIL:VOL|GATE_FAIL:HIGH20|GATE_FAIL:RS|NO_SETUP|scoring_version:v2
2026-04-11,2026-04-01,3661,CAUTION,0,True,False,2716.35,2730.0,3543.75,,,,NO_BROKER_DATA|GATE_AVAILABLE:4|GATE_MET:0|GATE_FAIL:VWAP|GATE_FAIL:VOL|GATE_FAIL:HIGH20|GATE_FAIL:RS|NO_SETUP|scoring_version:v2
2026-04-11,2026-04-01,3652,CAUTION,0,True,False,26.77,26.9,28.3,,,,NO_BROKER_DATA|GATE_AVAILABLE:4|GATE_MET:1|GATE_PASS:VWAP|GATE_FAIL:VOL|GATE_FAIL:HIGH20|GATE_FAIL:RS|NO_SETUP|scoring_version:v2
2026-04-11,2026-04-01,3653,CAUTION,41,True,False,3930.25,3950.0,4147.5,,,,NO_BROKER_DATA|scoring_version:v2|SECTOR_RANK:6/209
2026-04-11,2026-04-01,3675,CAUTION,0,True,False,183.08,184.0,217.88,,,,NO_BROKER_DATA|GATE_AVAILABLE:4|GATE_MET:0|GATE_FAIL:VWAP|GATE_FAIL:VOL|GATE_FAIL:HIGH20|GATE_FAIL:RS|NO_SETUP|scoring_version:v2
2026-04-11,2026-04-01,3679,CAUTION,0,True,False,117.41,118.0,123.9,,,,NO_BROKER_DATA|GATE_AVAILABLE:4|GATE_MET:1|GATE_PASS:VWAP|GATE_FAIL:VOL|GATE_FAIL:HIGH20|GATE_FAIL:RS|NO_SETUP|scoring_version:v2
2026-04-11,2026-04-01,3680,CAUTION,0,True,False,375.12,377.0,424.2,,,,NO_BROKER_DATA|GATE_AVAILABLE:4|GATE_MET:0|GATE_FAIL:VWAP|GATE_FAIL:VOL|GATE_FAIL:HIGH20|GATE_FAIL:RS|NO_SETUP|scoring_version:v2
2026-04-11,2026-04-01,3689,CAUTION,18,True,False,111.94,112.5,130.2,,,,NO_BROKER_DATA|scoring_version:v2
2026-04-11,2026-04-01,3686,CAUTION,0,True,False,17.81,17.9,21.05,,,,NO_BROKER_DATA|GATE_AVAILABLE:4|GATE_MET:0|GATE_FAIL:VWAP|GATE_FAIL:VOL|GATE_FAIL:HIGH20|GATE_FAIL:RS|NO_SETUP|scoring_version:v2
2026-04-11,2026-04-01,3693,CAUTION,31,True,False,504.46,507.0,532.35,,,,NO_BROKER_DATA|scoring_version:v2|SECTOR_RANK:9/111
2026-04-11,2026-04-01,3701,CAUTION,0,True,False,56.22,56.5,68.04,,,,NO_BROKER_DATA|GATE_AVAILABLE:4|GATE_MET:0|GATE_FAIL:VWAP|GATE_FAIL:VOL|GATE_FAIL:HIGH20|GATE_FAIL:RS|NO_SETUP|scoring_version:v2
2026-04-11,2026-04-01,3706,CAUTION,0,True,False,76.02,76.4,85.47,,,,NO_BROKER_DATA|GATE_AVAILABLE:4|GATE_MET:1|GATE_PASS:VWAP|GATE_FAIL:VOL|GATE_FAIL:HIGH20|GATE_FAIL:RS|NO_SETUP|scoring_version:v2
2026-04-11,2026-04-01,3707,CAUTION,0,True,False,49.5,49.75,64.89,,,,NO_BROKER_DATA|GATE_AVAILABLE:4|GATE_MET:0|GATE_FAIL:VWAP|GATE_FAIL:VOL|GATE_FAIL:HIGH20|GATE_FAIL:RS|NO_SETUP|scoring_version:v2
2026-04-11,2026-04-01,3710,CAUTION,0,True,False,6.61,6.64,7.44,,,,NO_BROKER_DATA|GATE_AVAILABLE:4|GATE_MET:1|GATE_FAIL:VWAP|GATE_FAIL:VOL|GATE_FAIL:HIGH20|GATE_PASS:RS|NO_SETUP|scoring_version:v2
2026-04-11,2026-04-01,3709,CAUTION,0,True,False,64.87,65.2,81.38,,,,NO_BROKER_DATA|GATE_AVAILABLE:4|GATE_MET:0|GATE_FAIL:VWAP|GATE_FAIL:VOL|GATE_FAIL:HIGH20|GATE_FAIL:RS|NO_SETUP|scoring_version:v2
2026-04-11,2026-04-01,3711,CAUTION,37,True,False,359.19,361.0,379.05,,,,NO_BROKER_DATA|scoring_version:v2|SECTOR_RANK:10/198
2026-04-11,2026-04-01,3712,CAUTION,0,True,False,21.74,21.85,22.94,,,,NO_BROKER_DATA|GATE_AVAILABLE:4|GATE_MET:0|GATE_FAIL:VWAP|GATE_FAIL:VOL|GATE_FAIL:HIGH20|GATE_FAIL:RS|NO_SETUP|scoring_version:v2
2026-04-11,2026-04-01,3715,CAUTION,0,True,False,179.1,180.0,213.68,,,,NO_BROKER_DATA|GATE_AVAILABLE:4|GATE_MET:0|GATE_FAIL:VWAP|GATE_FAIL:VOL|GATE_FAIL:HIGH20|GATE_FAIL:RS|NO_SETUP|scoring_version:v2
2026-04-11,2026-04-01,4542,CAUTION,0,True,False,163.68,164.5,183.75,,,,NO_BROKER_DATA|GATE_AVAILABLE:4|GATE_MET:0|GATE_FAIL:VWAP|GATE_FAIL:VOL|GATE_FAIL:HIGH20|GATE_FAIL:RS|NO_SETUP|scoring_version:v2
2026-04-11,2026-04-01,4545,CAUTION,0,True,False,30.55,30.7,34.65,,,,NO_BROKER_DATA|GATE_AVAILABLE:4|GATE_MET:1|GATE_PASS:VWAP|GATE_FAIL:VOL|GATE_FAIL:HIGH20|GATE_FAIL:RS|NO_SETUP|scoring_version:v2
2026-04-11,2026-04-01,4749,CAUTION,0,True,False,823.86,828.0,1065.75,,,,NO_BROKER_DATA|GATE_AVAILABLE:4|GATE_MET:0|GATE_FAIL:VWAP|GATE_FAIL:VOL|GATE_FAIL:HIGH20|GATE_FAIL:RS|NO_SETUP|scoring_version:v2
2026-04-11,2026-04-01,4912,CAUTION,0,True,False,89.95,90.4,98.7,,,,NO_BROKER_DATA|GATE_AVAILABLE:4|GATE_MET:1|GATE_FAIL:VWAP|GATE_FAIL:VOL|GATE_FAIL:HIGH20|GATE_PASS:RS|NO_SETUP|scoring_version:v2
2026-04-11,2026-04-01,4915,CAUTION,33,True,False,71.74,72.1,75.7,,,,NO_BROKER_DATA|scoring_version:v2|SECTOR_RANK:22/209
2026-04-11,2026-04-01,4916,CAUTION,0,True,False,57.11,57.4,67.09,,,,NO_BROKER_DATA|GATE_AVAILABLE:4|GATE_MET:0|GATE_FAIL:VWAP|GATE_FAIL:VOL|GATE_FAIL:HIGH20|GATE_FAIL:RS|NO_SETUP|scoring_version:v2
2026-04-11,2026-04-01,4923,CAUTION,0,True,False,34.33,34.5,40.01,,,,NO_BROKER_DATA|GATE_AVAILABLE:4|GATE_MET:0|GATE_FAIL:VWAP|GATE_FAIL:VOL|GATE_FAIL:HIGH20|GATE_FAIL:RS|NO_SETUP|scoring_version:v2
2026-04-11,2026-04-01,4919,CAUTION,0,True,False,94.03,94.5,99.23,,,,NO_BROKER_DATA|GATE_AVAILABLE:4|GATE_MET:1|GATE_FAIL:VWAP|GATE_FAIL:VOL|GATE_FAIL:HIGH20|GATE_PASS:RS|NO_SETUP|scoring_version:v2
2026-04-11,2026-04-01,4924,CAUTION,22,True,False,10.4,10.45,10.97,,,,NO_BROKER_DATA|scoring_version:v2|SECTOR_RANK:20/111
2026-04-11,2026-04-01,4927,CAUTION,0,True,False,41.24,41.45,52.03,,,,NO_BROKER_DATA|GATE_AVAILABLE:4|GATE_MET:0|GATE_FAIL:VWAP|GATE_FAIL:VOL|GATE_FAIL:HIGH20|GATE_FAIL:RS|NO_SETUP|scoring_version:v2
2026-04-11,2026-04-01,4931,CAUTION,0,True,False,135.82,136.5,161.18,,,,NO_BROKER_DATA|GATE_AVAILABLE:4|GATE_MET:0|GATE_FAIL:VWAP|GATE_FAIL:VOL|GATE_FAIL:HIGH20|GATE_FAIL:RS|NO_SETUP|scoring_version:v2
2026-04-11,2026-04-01,4938,CAUTION,0,True,False,77.81,78.2,82.11,,,,NO_BROKER_DATA|GATE_AVAILABLE:4|GATE_MET:0|GATE_FAIL:VWAP|GATE_FAIL:VOL|GATE_FAIL:HIGH20|GATE_FAIL:RS|NO_SETUP|scoring_version:v2
2026-04-11,2026-04-01,4939,CAUTION,0,True,False,28.16,28.3,35.49,,,,NO_BROKER_DATA|GATE_AVAILABLE:4|GATE_MET:0|GATE_FAIL:VWAP|GATE_FAIL:VOL|GATE_FAIL:HIGH20|GATE_FAIL:RS|NO_SETUP|scoring_version:v2
2026-04-11,2026-04-01,4943,CAUTION,0,True,False,10.85,10.9,12.18,,,,NO_BROKER_DATA|GATE_AVAILABLE:4|GATE_MET:0|GATE_FAIL:VWAP|GATE_FAIL:VOL|GATE_FAIL:HIGH20|GATE_FAIL:RS|NO_SETUP|scoring_version:v2
2026-04-11,2026-04-01,4951,CAUTION,16,True,False,67.76,68.1,71.5,,,,NO_BROKER_DATA|scoring_version:v2
2026-04-11,2026-04-01,4966,CAUTION,0,True,False,479.59,482.0,537.6,,,,NO_BROKER_DATA|GATE_AVAILABLE:4|GATE_MET:1|GATE_FAIL:VWAP|GATE_PASS:VOL|GATE_FAIL:HIGH20|GATE_FAIL:RS|NO_SETUP|scoring_version:v2
2026-04-11,2026-04-01,4952,CAUTION,0,True,False,39.8,40.0,53.34,,,,NO_BROKER_DATA|GATE_AVAILABLE:4|GATE_MET:0|GATE_FAIL:VWAP|GATE_FAIL:VOL|GATE_FAIL:HIGH20|GATE_FAIL:RS|NO_SETUP|scoring_version:v2
2026-04-11,2026-04-01,4958,CAUTION,0,True,False,218.4,219.5,241.5,,,,NO_BROKER_DATA|GATE_AVAILABLE:4|GATE_MET:1|GATE_FAIL:VWAP|GATE_FAIL:VOL|GATE_FAIL:HIGH20|GATE_PASS:RS|NO_SETUP|scoring_version:v2
2026-04-11,2026-04-01,4961,CAUTION,46,True,False,152.23,153.0,160.65,,,,NO_BROKER_DATA|scoring_version:v2|SECTOR_RANK:3/198
2026-04-11,2026-04-01,4967,CAUTION,0,True,False,211.94,213.0,284.55,,,,NO_BROKER_DATA|GATE_AVAILABLE:4|GATE_MET:0|GATE_FAIL:VWAP|GATE_FAIL:VOL|GATE_FAIL:HIGH20|GATE_FAIL:RS|NO_SETUP|scoring_version:v2
2026-04-11,2026-04-01,4971,CAUTION,0,True,False,577.1,580.0,666.75,,,,NO_BROKER_DATA|GATE_AVAILABLE:4|GATE_MET:1|GATE_FAIL:VWAP|GATE_FAIL:VOL|GATE_FAIL:HIGH20|GATE_PASS:RS|NO_SETUP|scoring_version:v2
2026-04-11,2026-04-01,4973,CAUTION,26,True,False,67.56,67.9,71.3,,,,NO_BROKER_DATA|scoring_version:v2|SECTOR_RANK:33/198
2026-04-11,2026-04-01,4974,CAUTION,0,True,False,70.25,70.6,74.13,,,,NO_BROKER_DATA|GATE_AVAILABLE:4|GATE_MET:1|GATE_PASS:VWAP|GATE_FAIL:VOL|GATE_FAIL:HIGH20|GATE_FAIL:RS|NO_SETUP|scoring_version:v2
2026-04-11,2026-04-01,4968,CAUTION,0,True,False,104.47,105.0,118.65,,,,NO_BROKER_DATA|GATE_AVAILABLE:4|GATE_MET:1|GATE_PASS:VWAP|GATE_FAIL:VOL|GATE_FAIL:HIGH20|GATE_FAIL:RS|NO_SETUP|scoring_version:v2
2026-04-11,2026-04-01,4987,CAUTION,27,True,False,80.79,81.2,85.26,,,,NO_BROKER_DATA|scoring_version:v2|SECTOR_RANK:11/111
2026-04-11,2026-04-01,4991,CAUTION,0,True,False,417.9,420.0,441.0,,,,NO_BROKER_DATA|GATE_AVAILABLE:4|GATE_MET:0|GATE_FAIL:VWAP|GATE_FAIL:VOL|GATE_FAIL:HIGH20|GATE_FAIL:RS|NO_SETUP|scoring_version:v2
2026-04-11,2026-04-01,4999,CAUTION,0,True,False,21.29,21.4,22.89,,,,NO_BROKER_DATA|GATE_AVAILABLE:4|GATE_MET:0|GATE_FAIL:VWAP|GATE_FAIL:VOL|GATE_FAIL:HIGH20|GATE_FAIL:RS|NO_SETUP|scoring_version:v2
2026-04-11,2026-04-01,4989,CAUTION,18,True,False,65.87,66.2,77.6,,,,NO_BROKER_DATA|scoring_version:v2
2026-04-11,2026-04-01,5215,CAUTION,0,True,False,36.91,37.1,38.96,,,,NO_BROKER_DATA|GATE_AVAILABLE:4|GATE_MET:0|GATE_FAIL:VWAP|GATE_FAIL:VOL|GATE_FAIL:HIGH20|GATE_FAIL:RS|NO_SETUP|scoring_version:v2
2026-04-11,2026-04-01,5222,CAUTION,0,True,False,126.36,127.0,139.65,,,,NO_BROKER_DATA|GATE_AVAILABLE:4|GATE_MET:0|GATE_FAIL:VWAP|GATE_FAIL:VOL|GATE_FAIL:HIGH20|GATE_FAIL:RS|NO_SETUP|scoring_version:v2
2026-04-11,2026-04-01,5223,CAUTION,0,True,False,26.42,26.55,31.87,,,,NO_BROKER_DATA|GATE_AVAILABLE:4|GATE_MET:0|GATE_FAIL:VWAP|GATE_FAIL:VOL|GATE_FAIL:HIGH20|GATE_FAIL:RS|NO_SETUP|scoring_version:v2
2026-04-11,2026-04-01,5236,CAUTION,0,True,False,125.87,126.5,137.55,,,,NO_BROKER_DATA|GATE_AVAILABLE:4|GATE_MET:0|GATE_FAIL:VWAP|GATE_FAIL:VOL|GATE_FAIL:HIGH20|GATE_FAIL:RS|NO_SETUP|scoring_version:v2
2026-04-11,2026-04-01,5227,CAUTION,0,True,False,23.33,23.45,26.04,,,,NO_BROKER_DATA|GATE_AVAILABLE:4|GATE_MET:0|GATE_FAIL:VWAP|GATE_FAIL:VOL|GATE_FAIL:HIGH20|GATE_FAIL:RS|NO_SETUP|scoring_version:v2
2026-04-11,2026-04-01,5228,CAUTION,0,True,False,24.08,24.2,26.14,,,,NO_BROKER_DATA|GATE_AVAILABLE:4|GATE_MET:1|GATE_PASS:VWAP|GATE_FAIL:VOL|GATE_FAIL:HIGH20|GATE_FAIL:RS|NO_SETUP|scoring_version:v2
2026-04-11,2026-04-01,5258,CAUTION,0,True,False,47.66,47.9,50.3,,,,NO_BROKER_DATA|GATE_AVAILABLE:4|GATE_MET:1|GATE_PASS:VWAP|GATE_FAIL:VOL|GATE_FAIL:HIGH20|GATE_FAIL:RS|NO_SETUP|scoring_version:v2
2026-04-11,2026-04-01,5274,CAUTION,0,True,False,11258.42,11315.0,11880.75,,,,NO_BROKER_DATA|GATE_AVAILABLE:4|GATE_MET:1|GATE_PASS:VWAP|GATE_FAIL:VOL|GATE_FAIL:HIGH20|GATE_FAIL:RS|NO_SETUP|scoring_version:v2
2026-04-11,2026-04-01,5272,CAUTION,0,True,False,22.39,22.5,25.36,,,,NO_BROKER_DATA|GATE_AVAILABLE:4|GATE_MET:0|GATE_FAIL:VWAP|GATE_FAIL:VOL|GATE_FAIL:HIGH20|GATE_FAIL:RS|NO_SETUP|scoring_version:v2
2026-04-11,2026-04-01,5269,CAUTION,0,True,False,1089.53,1095.0,1349.25,,,,NO_BROKER_DATA|GATE_AVAILABLE:4|GATE_MET:0|GATE_FAIL:VWAP|GATE_FAIL:VOL|GATE_FAIL:HIGH20|GATE_FAIL:RS|NO_SETUP|scoring_version:v2
2026-04-11,2026-04-01,5285,CAUTION,38,True,False,48.51,48.75,51.19,,,,NO_BROKER_DATA|scoring_version:v2|SECTOR_RANK:8/198
2026-04-11,2026-04-01,5289,CAUTION,26,True,False,926.35,931.0,977.55,,,,NO_BROKER_DATA|scoring_version:v2|SECTOR_RANK:15/111
2026-04-11,2026-04-01,5299,CAUTION,0,True,False,74.53,74.9,82.0,,,,NO_BROKER_DATA|GATE_AVAILABLE:4|GATE_MET:0|GATE_FAIL:VWAP|GATE_FAIL:VOL|GATE_FAIL:HIGH20|GATE_FAIL:RS|NO_SETUP|scoring_version:v2
2026-04-11,2026-04-01,5291,CAUTION,17,True,False,77.61,78.0,81.9,,,,NO_BROKER_DATA|scoring_version:v2
2026-04-11,2026-04-01,5309,CAUTION,0,True,False,57.51,57.8,62.69,,,,NO_BROKER_DATA|GATE_AVAILABLE:4|GATE_MET:0|GATE_FAIL:VWAP|GATE_FAIL:VOL|GATE_FAIL:HIGH20|GATE_FAIL:RS|NO_SETUP|scoring_version:v2
2026-04-11,2026-04-01,5328,CAUTION,0,True,False,23.73,23.85,30.24,,,,NO_BROKER_DATA|GATE_AVAILABLE:4|GATE_MET:0|GATE_FAIL:VWAP|GATE_FAIL:VOL|GATE_FAIL:HIGH20|GATE_FAIL:RS|NO_SETUP|scoring_version:v2
2026-04-11,2026-04-01,5302,CAUTION,0,True,False,10.75,10.8,12.92,,,,NO_BROKER_DATA|GATE_AVAILABLE:4|GATE_MET:0|GATE_FAIL:VWAP|GATE_FAIL:VOL|GATE_FAIL:HIGH20|GATE_FAIL:RS|NO_SETUP|scoring_version:v2
2026-04-11,2026-04-01,5340,CAUTION,0,True,False,100.0,100.5,124.95,,,,NO_BROKER_DATA|GATE_AVAILABLE:4|GATE_MET:1|GATE_PASS:VWAP|GATE_FAIL:VOL|GATE_FAIL:HIGH20|GATE_FAIL:RS|NO_SETUP|scoring_version:v2
2026-04-11,2026-04-01,5344,CAUTION,0,True,False,13.58,13.65,15.44,,,,NO_BROKER_DATA|GATE_AVAILABLE:4|GATE_MET:0|GATE_FAIL:VWAP|GATE_FAIL:VOL|GATE_FAIL:HIGH20|GATE_FAIL:RS|NO_SETUP|scoring_version:v2
2026-04-11,2026-04-01,5347,CAUTION,26,True,False,117.41,118.0,124.43,,,,NO_BROKER_DATA|scoring_version:v2|SECTOR_RANK:34/198
2026-04-11,2026-04-01,5355,CAUTION,0,True,False,6.54,6.57,7.96,,,,NO_BROKER_DATA|GATE_AVAILABLE:4|GATE_MET:0|GATE_FAIL:VWAP|GATE_FAIL:VOL|GATE_FAIL:HIGH20|GATE_FAIL:RS|NO_SETUP|scoring_version:v2
2026-04-11,2026-04-01,5351,CAUTION,0,True,False,69.85,70.2,89.04,,,,NO_BROKER_DATA|GATE_AVAILABLE:4|GATE_MET:1|GATE_PASS:VWAP|GATE_FAIL:VOL|GATE_FAIL:HIGH20|GATE_FAIL:RS|NO_SETUP|scoring_version:v2
2026-04-11,2026-04-01,5356,CAUTION,0,True,False,24.43,24.55,25.78,,,,NO_BROKER_DATA|GATE_AVAILABLE:4|GATE_MET:0|GATE_FAIL:VWAP|GATE_FAIL:VOL|GATE_FAIL:HIGH20|GATE_FAIL:RS|NO_SETUP|scoring_version:v2
2026-04-11,2026-04-01,5381,CAUTION,0,,True,0.0,0.0,0.0,,,Data unavailable: DATE_NOT_IN_OHLCV,DATE_NOT_IN_OHLCV
2026-04-11,2026-04-01,5386,CAUTION,0,True,False,285.56,287.0,301.35,,,,NO_BROKER_DATA|GATE_AVAILABLE:4|GATE_MET:1|GATE_PASS:VWAP|GATE_FAIL:VOL|GATE_FAIL:HIGH20|GATE_FAIL:RS|NO_SETUP|scoring_version:v2
2026-04-11,2026-04-01,5425,CAUTION,0,True,False,53.03,53.3,63.21,,,,NO_BROKER_DATA|GATE_AVAILABLE:4|GATE_MET:0|GATE_FAIL:VWAP|GATE_FAIL:VOL|GATE_FAIL:HIGH20|GATE_FAIL:RS|NO_SETUP|scoring_version:v2
2026-04-11,2026-04-01,5426,CAUTION,23,True,False,19.4,19.5,20.48,,,,NO_BROKER_DATA|scoring_version:v2|SECTOR_RANK:18/111
2026-04-11,2026-04-01,5438,CAUTION,0,True,False,19.3,19.4,21.47,,,,NO_BROKER_DATA|GATE_AVAILABLE:4|GATE_MET:0|GATE_FAIL:VWAP|GATE_FAIL:VOL|GATE_FAIL:HIGH20|GATE_FAIL:RS|NO_SETUP|scoring_version:v2
2026-04-11,2026-04-01,5439,CAUTION,0,True,False,281.09,282.5,316.05,,,,NO_BROKER_DATA|GATE_AVAILABLE:4|GATE_MET:0|GATE_FAIL:VWAP|GATE_FAIL:VOL|GATE_FAIL:HIGH20|GATE_FAIL:RS|NO_SETUP|scoring_version:v2
2026-04-11,2026-04-01,5457,CAUTION,30,True,False,34.97,35.15,36.91,,,,NO_BROKER_DATA|scoring_version:v2|SECTOR_RANK:28/209
2026-04-11,2026-04-01,5460,CAUTION,0,True,False,14.58,14.65,15.38,,,,NO_BROKER_DATA|GATE_AVAILABLE:4|GATE_MET:0|GATE_FAIL:VWAP|GATE_FAIL:VOL|GATE_FAIL:HIGH20|GATE_FAIL:RS|NO_SETUP|scoring_version:v2
2026-04-11,2026-04-01,5443,CAUTION,0,True,False,100.5,101.0,111.3,,,,NO_BROKER_DATA|GATE_AVAILABLE:4|GATE_MET:0|GATE_FAIL:VWAP|GATE_FAIL:VOL|GATE_FAIL:HIGH20|GATE_FAIL:RS|NO_SETUP|scoring_version:v2
2026-04-11,2026-04-01,5464,CAUTION,36,True,False,28.11,28.25,29.66,,,,NO_BROKER_DATA|scoring_version:v2|SECTOR_RANK:15/209
2026-04-11,2026-04-01,5465,CAUTION,0,True,False,25.17,25.3,27.98,,,,NO_BROKER_DATA|GATE_AVAILABLE:4|GATE_MET:0|GATE_FAIL:VWAP|GATE_FAIL:VOL|GATE_FAIL:HIGH20|GATE_FAIL:RS|NO_SETUP|scoring_version:v2
2026-04-11,2026-04-01,5468,CAUTION,0,True,False,18.06,18.15,20.79,,,,NO_BROKER_DATA|GATE_AVAILABLE:4|GATE_MET:0|GATE_FAIL:VWAP|GATE_FAIL:VOL|GATE_FAIL:HIGH20|GATE_FAIL:RS|NO_SETUP|scoring_version:v2
2026-04-11,2026-04-01,5471,CAUTION,0,True,False,38.26,38.45,45.73,,,,NO_BROKER_DATA|GATE_AVAILABLE:4|GATE_MET:0|GATE_FAIL:VWAP|GATE_FAIL:VOL|GATE_FAIL:HIGH20|GATE_FAIL:RS|NO_SETUP|scoring_version:v2
2026-04-11,2026-04-01,5469,CAUTION,0,True,False,81.39,81.8,86.0,,,,NO_BROKER_DATA|GATE_AVAILABLE:4|GATE_MET:0|GATE_FAIL:VWAP|GATE_FAIL:VOL|GATE_FAIL:HIGH20|GATE_FAIL:RS|NO_SETUP|scoring_version:v2
2026-04-11,2026-04-01,5474,CAUTION,0,True,False,129.35,130.0,152.25,,,,NO_BROKER_DATA|GATE_AVAILABLE:4|GATE_MET:0|GATE_FAIL:VWAP|GATE_FAIL:VOL|GATE_FAIL:HIGH20|GATE_FAIL:RS|NO_SETUP|scoring_version:v2
2026-04-11,2026-04-01,5475,CAUTION,35,True,False,223.38,224.5,235.73,,,,NO_BROKER_DATA|scoring_version:v2|SECTOR_RANK:16/209
2026-04-11,2026-04-01,5483,CAUTION,0,True,False,106.47,107.0,135.45,,,,NO_BROKER_DATA|GATE_AVAILABLE:4|GATE_MET:0|GATE_FAIL:VWAP|GATE_FAIL:VOL|GATE_FAIL:HIGH20|GATE_FAIL:RS|NO_SETUP|scoring_version:v2
2026-04-11,2026-04-01,5488,CAUTION,0,True,False,9.95,10.0,10.66,,,,NO_BROKER_DATA|GATE_AVAILABLE:4|GATE_MET:0|GATE_FAIL:VWAP|GATE_FAIL:VOL|GATE_FAIL:HIGH20|GATE_FAIL:RS|NO_SETUP|scoring_version:v2
2026-04-11,2026-04-01,5490,CAUTION,0,True,False,27.71,27.85,30.24,,,,NO_BROKER_DATA|GATE_AVAILABLE:4|GATE_MET:1|GATE_PASS:VWAP|GATE_FAIL:VOL|GATE_FAIL:HIGH20|GATE_FAIL:RS|NO_SETUP|scoring_version:v2
2026-04-11,2026-04-01,5487,CAUTION,30,True,False,27.81,27.95,29.51,,,,NO_BROKER_DATA|scoring_version:v2|SECTOR_RANK:26/198
2026-04-11,2026-04-01,5498,CAUTION,0,True,False,55.02,55.3,70.56,,,,NO_BROKER_DATA|GATE_AVAILABLE:4|GATE_MET:0|GATE_FAIL:VWAP|GATE_FAIL:VOL|GATE_FAIL:HIGH20|GATE_FAIL:RS|NO_SETUP|scoring_version:v2
2026-04-11,2026-04-01,6103,CAUTION,0,True,False,39.3,39.5,54.6,,,,NO_BROKER_DATA|GATE_AVAILABLE:4|GATE_MET:0|GATE_FAIL:VWAP|GATE_FAIL:VOL|GATE_FAIL:HIGH20|GATE_FAIL:RS|NO_SETUP|scoring_version:v2
2026-04-11,2026-04-01,6104,CAUTION,0,True,False,91.54,92.0,96.6,,,,NO_BROKER_DATA|GATE_AVAILABLE:4|GATE_MET:1|GATE_PASS:VWAP|GATE_FAIL:VOL|GATE_FAIL:HIGH20|GATE_FAIL:RS|NO_SETUP|scoring_version:v2
2026-04-11,2026-04-01,6114,CAUTION,0,True,False,29.4,29.55,31.03,,,,NO_BROKER_DATA|GATE_AVAILABLE:4|GATE_MET:1|GATE_FAIL:VWAP|GATE_PASS:VOL|GATE_FAIL:HIGH20|GATE_FAIL:RS|NO_SETUP|scoring_version:v2
2026-04-11,2026-04-01,6108,CAUTION,0,True,False,16.12,16.2,17.01,,,,NO_BROKER_DATA|GATE_AVAILABLE:4|GATE_MET:0|GATE_FAIL:VWAP|GATE_FAIL:VOL|GATE_FAIL:HIGH20|GATE_FAIL:RS|NO_SETUP|scoring_version:v2
2026-04-11,2026-04-01,6115,CAUTION,0,True,False,46.72,46.95,49.3,,,,NO_BROKER_DATA|GATE_AVAILABLE:4|GATE_MET:1|GATE_FAIL:VWAP|GATE_FAIL:VOL|GATE_FAIL:HIGH20|GATE_PASS:RS|NO_SETUP|scoring_version:v2
2026-04-11,2026-04-01,6117,CAUTION,0,True,False,69.75,70.1,78.75,,,,NO_BROKER_DATA|GATE_AVAILABLE:4|GATE_MET:0|GATE_FAIL:VWAP|GATE_FAIL:VOL|GATE_FAIL:HIGH20|GATE_FAIL:RS|NO_SETUP|scoring_version:v2
2026-04-11,2026-04-01,6121,CAUTION,26,True,False,345.76,347.5,369.6,,,,NO_BROKER_DATA|scoring_version:v2|SECTOR_RANK:16/111
2026-04-11,2026-04-01,6127,CAUTION,18,True,False,43.28,43.5,45.68,,,,NO_BROKER_DATA|scoring_version:v2
2026-04-11,2026-04-01,6126,CAUTION,0,True,False,29.8,29.95,34.65,,,,NO_BROKER_DATA|GATE_AVAILABLE:4|GATE_MET:1|GATE_PASS:VWAP|GATE_FAIL:VOL|GATE_FAIL:HIGH20|GATE_FAIL:RS|NO_SETUP|scoring_version:v2
2026-04-11,2026-04-01,6124,CAUTION,0,True,False,29.05,29.2,37.85,,,,NO_BROKER_DATA|GATE_AVAILABLE:4|GATE_MET:0|GATE_FAIL:VWAP|GATE_FAIL:VOL|GATE_FAIL:HIGH20|GATE_FAIL:RS|NO_SETUP|scoring_version:v2
2026-04-11,2026-04-01,6128,CAUTION,0,True,False,20.8,20.9,23.1,,,,NO_BROKER_DATA|GATE_AVAILABLE:4|GATE_MET:1|GATE_FAIL:VWAP|GATE_PASS:VOL|GATE_FAIL:HIGH20|GATE_FAIL:RS|NO_SETUP|scoring_version:v2
2026-04-11,2026-04-01,6129,CAUTION,0,True,False,14.83,14.9,17.8,,,,NO_BROKER_DATA|GATE_AVAILABLE:4|GATE_MET:0|GATE_FAIL:VWAP|GATE_FAIL:VOL|GATE_FAIL:HIGH20|GATE_FAIL:RS|NO_SETUP|scoring_version:v2
2026-04-11,2026-04-01,6134,CAUTION,0,True,False,28.71,28.85,34.18,,,,NO_BROKER_DATA|GATE_AVAILABLE:4|GATE_MET:0|GATE_FAIL:VWAP|GATE_FAIL:VOL|GATE_FAIL:HIGH20|GATE_FAIL:RS|NO_SETUP|scoring_version:v2
2026-04-11,2026-04-01,6138,CAUTION,0,True,False,212.93,214.0,249.38,,,,NO_BROKER_DATA|GATE_AVAILABLE:4|GATE_MET:0|GATE_FAIL:VWAP|GATE_FAIL:VOL|GATE_FAIL:HIGH20|GATE_FAIL:RS|NO_SETUP|scoring_version:v2
2026-04-11,2026-04-01,6133,CAUTION,0,True,False,22.54,22.65,28.67,,,,NO_BROKER_DATA|GATE_AVAILABLE:4|GATE_MET:0|GATE_FAIL:VWAP|GATE_FAIL:VOL|GATE_FAIL:HIGH20|GATE_FAIL:RS|NO_SETUP|scoring_version:v2
2026-04-11,2026-04-01,6141,CAUTION,0,True,False,20.8,20.9,21.95,,,,NO_BROKER_DATA|GATE_AVAILABLE:4|GATE_MET:0|GATE_FAIL:VWAP|GATE_FAIL:VOL|GATE_FAIL:HIGH20|GATE_FAIL:RS|NO_SETUP|scoring_version:v2
2026-04-11,2026-04-01,6147,CAUTION,0,True,False,76.02,76.4,80.22,,,,NO_BROKER_DATA|GATE_AVAILABLE:4|GATE_MET:1|GATE_PASS:VWAP|GATE_FAIL:VOL|GATE_FAIL:HIGH20|GATE_FAIL:RS|NO_SETUP|scoring_version:v2
2026-04-11,2026-04-01,6150,CAUTION,0,True,False,55.22,55.5,65.62,,,,NO_BROKER_DATA|GATE_AVAILABLE:4|GATE_MET:0|GATE_FAIL:VWAP|GATE_FAIL:VOL|GATE_FAIL:HIGH20|GATE_FAIL:RS|NO_SETUP|scoring_version:v2
2026-04-11,2026-04-01,6153,CAUTION,0,True,False,16.12,16.2,18.11,,,,NO_BROKER_DATA|GATE_AVAILABLE:4|GATE_MET:0|GATE_FAIL:VWAP|GATE_FAIL:VOL|GATE_FAIL:HIGH20|GATE_FAIL:RS|NO_SETUP|scoring_version:v2
2026-04-11,2026-04-01,6155,CAUTION,18,True,False,44.28,44.5,52.34,,,,NO_BROKER_DATA|scoring_version:v2
2026-04-11,2026-04-01,6156,CAUTION,0,True,False,19.35,19.45,20.42,,,,NO_BROKER_DATA|GATE_AVAILABLE:4|GATE_MET:1|GATE_PASS:VWAP|GATE_FAIL:VOL|GATE_FAIL:HIGH20|GATE_FAIL:RS|NO_SETUP|scoring_version:v2
2026-04-11,2026-04-01,6158,CAUTION,0,True,False,17.61,17.7,19.01,,,,NO_BROKER_DATA|GATE_AVAILABLE:4|GATE_MET:0|GATE_FAIL:VWAP|GATE_FAIL:VOL|GATE_FAIL:HIGH20|GATE_FAIL:RS|NO_SETUP|scoring_version:v2
2026-04-11,2026-04-01,6161,CAUTION,0,True,False,39.9,40.1,42.11,,,,NO_BROKER_DATA|GATE_AVAILABLE:4|GATE_MET:0|GATE_FAIL:VWAP|GATE_FAIL:VOL|GATE_FAIL:HIGH20|GATE_FAIL:RS|NO_SETUP|scoring_version:v2
2026-04-11,2026-04-01,6160,CAUTION,0,True,False,15.72,15.8,17.9,,,,NO_BROKER_DATA|GATE_AVAILABLE:4|GATE_MET:0|GATE_FAIL:VWAP|GATE_FAIL:VOL|GATE_FAIL:HIGH20|GATE_FAIL:RS|NO_SETUP|scoring_version:v2
2026-04-11,2026-04-01,6173,CAUTION,0,True,False,59.3,59.6,70.98,,,,NO_BROKER_DATA|GATE_AVAILABLE:4|GATE_MET:0|GATE_FAIL:VWAP|GATE_FAIL:VOL|GATE_FAIL:HIGH20|GATE_FAIL:RS|NO_SETUP|scoring_version:v2
2026-04-11,2026-04-01,6166,CAUTION,0,True,False,57.51,57.8,65.2,,,,NO_BROKER_DATA|GATE_AVAILABLE:4|GATE_MET:0|GATE_FAIL:VWAP|GATE_FAIL:VOL|GATE_FAIL:HIGH20|GATE_FAIL:RS|NO_SETUP|scoring_version:v2
2026-04-11,2026-04-01,6182,CAUTION,0,True,False,32.39,32.55,39.16,,,,NO_BROKER_DATA|GATE_AVAILABLE:4|GATE_MET:0|GATE_FAIL:VWAP|GATE_FAIL:VOL|GATE_FAIL:HIGH20|GATE_FAIL:RS|NO_SETUP|scoring_version:v2
2026-04-11,2026-04-01,6175,CAUTION,0,True,False,47.81,48.05,55.02,,,,NO_BROKER_DATA|GATE_AVAILABLE:4|GATE_MET:1|GATE_FAIL:VWAP|GATE_FAIL:VOL|GATE_FAIL:HIGH20|GATE_PASS:RS|NO_SETUP|scoring_version:v2
2026-04-11,2026-04-01,6174,CAUTION,26,True,False,22.29,22.4,23.52,,,,NO_BROKER_DATA|scoring_version:v2|SECTOR_RANK:38/209
2026-04-11,2026-04-01,6187,CAUTION,0,True,False,886.54,891.0,935.55,,,,NO_BROKER_DATA|GATE_AVAILABLE:4|GATE_MET:0|GATE_FAIL:VWAP|GATE_FAIL:VOL|GATE_FAIL:HIGH20|GATE_FAIL:RS|NO_SETUP|scoring_version:v2
2026-04-11,2026-04-01,6185,CAUTION,12,True,False,13.88,13.95,14.65,,,,NO_BROKER_DATA|scoring_version:v2
2026-04-11,2026-04-01,6194,CAUTION,0,True,False,32.39,32.55,34.18,,,,NO_BROKER_DATA|GATE_AVAILABLE:4|GATE_MET:0|GATE_FAIL:VWAP|GATE_FAIL:VOL|GATE_FAIL:HIGH20|GATE_FAIL:RS|NO_SETUP|scoring_version:v2
2026-04-11,2026-04-01,6188,CAUTION,0,True,False,87.96,88.4,106.05,,,,NO_BROKER_DATA|GATE_AVAILABLE:4|GATE_MET:0|GATE_FAIL:VWAP|GATE_FAIL:VOL|GATE_FAIL:HIGH20|GATE_FAIL:RS|NO_SETUP|scoring_version:v2
2026-04-11,2026-04-01,6191,CAUTION,0,True,False,90.35,90.8,102.9,,,,NO_BROKER_DATA|GATE_AVAILABLE:4|GATE_MET:0|GATE_FAIL:VWAP|GATE_FAIL:VOL|GATE_FAIL:HIGH20|GATE_FAIL:RS|NO_SETUP|scoring_version:v2
2026-04-11,2026-04-01,6197,CAUTION,0,True,False,162.19,163.0,201.08,,,,NO_BROKER_DATA|GATE_AVAILABLE:4|GATE_MET:0|GATE_FAIL:VWAP|GATE_FAIL:VOL|GATE_FAIL:HIGH20|GATE_FAIL:RS|NO_SETUP|scoring_version:v2
2026-04-11,2026-04-01,6202,CAUTION,0,True,False,47.46,47.7,59.85,,,,NO_BROKER_DATA|GATE_AVAILABLE:4|GATE_MET:0|GATE_FAIL:VWAP|GATE_FAIL:VOL|GATE_FAIL:HIGH20|GATE_FAIL:RS|NO_SETUP|scoring_version:v2
2026-04-11,2026-04-01,6203,CAUTION,26,True,False,66.27,66.6,69.93,,,,NO_BROKER_DATA|scoring_version:v2|SECTOR_RANK:39/209
2026-04-11,2026-04-01,6204,CAUTION,0,True,False,58.61,58.9,68.04,,,,NO_BROKER_DATA|GATE_AVAILABLE:4|GATE_MET:1|GATE_FAIL:VWAP|GATE_PASS:VOL|GATE_FAIL:HIGH20|GATE_FAIL:RS|NO_SETUP|scoring_version:v2
2026-04-11,2026-04-01,6207,CAUTION,0,True,False,50.45,50.7,58.59,,,,NO_BROKER_DATA|GATE_AVAILABLE:4|GATE_MET:0|GATE_FAIL:VWAP|GATE_FAIL:VOL|GATE_FAIL:HIGH20|GATE_FAIL:RS|NO_SETUP|scoring_version:v2
2026-04-11,2026-04-01,6206,CAUTION,0,True,False,98.21,98.7,106.58,,,,NO_BROKER_DATA|GATE_AVAILABLE:4|GATE_MET:0|GATE_FAIL:VWAP|GATE_FAIL:VOL|GATE_FAIL:HIGH20|GATE_FAIL:RS|NO_SETUP|scoring_version:v2
2026-04-11,2026-04-01,6205,CAUTION,0,True,False,53.33,53.6,65.1,,,,NO_BROKER_DATA|GATE_AVAILABLE:4|GATE_MET:0|GATE_FAIL:VWAP|GATE_FAIL:VOL|GATE_FAIL:HIGH20|GATE_FAIL:RS|NO_SETUP|scoring_version:v2
2026-04-11,2026-04-01,6210,CAUTION,0,True,False,19.55,19.65,20.79,,,,NO_BROKER_DATA|GATE_AVAILABLE:4|GATE_MET:0|GATE_FAIL:VWAP|GATE_FAIL:VOL|GATE_FAIL:HIGH20|GATE_FAIL:RS|NO_SETUP|scoring_version:v2
2026-04-11,2026-04-01,6208,CAUTION,29,True,False,47.41,47.65,50.03,,,,NO_BROKER_DATA|scoring_version:v2|SECTOR_RANK:30/198
2026-04-11,2026-04-01,6217,CAUTION,33,True,False,178.6,179.5,188.47,,,,NO_BROKER_DATA|scoring_version:v2|SECTOR_RANK:23/209
2026-04-11,2026-04-01,6220,CAUTION,19,True,False,32.44,32.6,47.09,,,,NO_BROKER_DATA|scoring_version:v2
2026-04-11,2026-04-01,6213,WATCH,56,True,False,162.19,163.0,171.15,,,,NO_BROKER_DATA|scoring_version:v2|SECTOR_RANK:2/209
2026-04-11,2026-04-01,6223,CAUTION,40,True,False,3930.25,3950.0,4147.5,,,,NO_BROKER_DATA|scoring_version:v2|SECTOR_RANK:7/198
2026-04-11,2026-04-01,6224,CAUTION,0,True,False,39.85,40.05,42.05,,,,NO_BROKER_DATA|GATE_AVAILABLE:4|GATE_MET:1|GATE_PASS:VWAP|GATE_FAIL:VOL|GATE_FAIL:HIGH20|GATE_FAIL:RS|NO_SETUP|scoring_version:v2
2026-04-11,2026-04-01,6228,CAUTION,0,True,False,23.28,23.4,25.62,,,,NO_BROKER_DATA|GATE_AVAILABLE:4|GATE_MET:0|GATE_FAIL:VWAP|GATE_FAIL:VOL|GATE_FAIL:HIGH20|GATE_FAIL:RS|NO_SETUP|scoring_version:v2
2026-04-11,2026-04-01,6229,CAUTION,0,True,False,20.75,20.85,22.89,,,,NO_BROKER_DATA|GATE_AVAILABLE:4|GATE_MET:0|GATE_FAIL:VWAP|GATE_FAIL:VOL|GATE_FAIL:HIGH20|GATE_FAIL:RS|NO_SETUP|scoring_version:v2
2026-04-11,2026-04-01,6230,CAUTION,0,True,False,143.28,144.0,191.62,,,,NO_BROKER_DATA|GATE_AVAILABLE:4|GATE_MET:0|GATE_FAIL:VWAP|GATE_FAIL:VOL|GATE_FAIL:HIGH20|GATE_FAIL:RS|NO_SETUP|scoring_version:v2
2026-04-11,2026-04-01,6233,CAUTION,0,True,False,25.17,25.3,31.97,,,,NO_BROKER_DATA|GATE_AVAILABLE:4|GATE_MET:0|GATE_FAIL:VWAP|GATE_FAIL:VOL|GATE_FAIL:HIGH20|GATE_FAIL:RS|NO_SETUP|scoring_version:v2
2026-04-11,2026-04-01,6235,CAUTION,0,True,False,46.96,47.2,50.93,,,,NO_BROKER_DATA|GATE_AVAILABLE:4|GATE_MET:1|GATE_FAIL:VWAP|GATE_FAIL:VOL|GATE_FAIL:HIGH20|GATE_PASS:RS|NO_SETUP|scoring_version:v2
2026-04-11,2026-04-01,6237,CAUTION,0,True,False,35.37,35.55,40.43,,,,NO_BROKER_DATA|GATE_AVAILABLE:4|GATE_MET:0|GATE_FAIL:VWAP|GATE_FAIL:VOL|GATE_FAIL:HIGH20|GATE_FAIL:RS|NO_SETUP|scoring_version:v2
2026-04-11,2026-04-01,6239,CAUTION,0,True,False,194.03,195.0,221.55,,,,NO_BROKER_DATA|GATE_AVAILABLE:4|GATE_MET:1|GATE_PASS:VWAP|GATE_FAIL:VOL|GATE_FAIL:HIGH20|GATE_FAIL:RS|NO_SETUP|scoring_version:v2
2026-04-11,2026-04-01,6243,CAUTION,0,True,False,28.71,28.85,36.07,,,,NO_BROKER_DATA|GATE_AVAILABLE:4|GATE_MET:0|GATE_FAIL:VWAP|GATE_FAIL:VOL|GATE_FAIL:HIGH20|GATE_FAIL:RS|NO_SETUP|scoring_version:v2
2026-04-11,2026-04-01,6257,CAUTION,37,True,False,155.22,156.0,163.8,,,,NO_BROKER_DATA|scoring_version:v2|SECTOR_RANK:11/198
2026-04-11,2026-04-01,6259,CAUTION,0,True,False,17.21,17.3,18.69,,,,NO_BROKER_DATA|GATE_AVAILABLE:4|GATE_MET:0|GATE_FAIL:VWAP|GATE_FAIL:VOL|GATE_FAIL:HIGH20|GATE_FAIL:RS|NO_SETUP|scoring_version:v2
2026-04-11,2026-04-01,6261,CAUTION,26,True,False,74.33,74.7,78.44,,,,NO_BROKER_DATA|scoring_version:v2|SECTOR_RANK:35/198
2026-04-11,2026-04-01,6266,CAUTION,0,True,False,28.26,28.4,29.82,,,,NO_BROKER_DATA|GATE_AVAILABLE:4|GATE_MET:0|GATE_FAIL:VWAP|GATE_FAIL:VOL|GATE_FAIL:HIGH20|GATE_FAIL:RS|NO_SETUP|scoring_version:v2
2026-04-11,2026-04-01,6269,CAUTION,0,True,False,58.21,58.5,65.62,,,,NO_BROKER_DATA|GATE_AVAILABLE:4|GATE_MET:0|GATE_FAIL:VWAP|GATE_FAIL:VOL|GATE_FAIL:HIGH20|GATE_FAIL:RS|NO_SETUP|scoring_version:v2
2026-04-11,2026-04-01,6272,CAUTION,0,True,False,32.04,32.2,38.01,,,,NO_BROKER_DATA|GATE_AVAILABLE:4|GATE_MET:1|GATE_PASS:VWAP|GATE_FAIL:VOL|GATE_FAIL:HIGH20|GATE_FAIL:RS|NO_SETUP|scoring_version:v2
2026-04-11,2026-04-01,6271,CAUTION,26,True,False,148.25,149.0,166.95,,,,NO_BROKER_DATA|scoring_version:v2|SECTOR_RANK:36/198
2026-04-11,2026-04-01,6274,CAUTION,26,True,False,619.88,623.0,654.15,,,,NO_BROKER_DATA|scoring_version:v2|SECTOR_RANK:40/209
2026-04-11,2026-04-01,6275,CAUTION,0,True,False,46.52,46.75,51.19,,,,NO_BROKER_DATA|GATE_AVAILABLE:4|GATE_MET:0|GATE_FAIL:VWAP|GATE_FAIL:VOL|GATE_FAIL:HIGH20|GATE_FAIL:RS|NO_SETUP|scoring_version:v2
2026-04-11,2026-04-01,6276,CAUTION,23,True,False,33.33,33.5,39.48,,,,NO_BROKER_DATA|scoring_version:v2|SECTOR_RANK:19/111
2026-04-11,2026-04-01,6279,CAUTION,0,True,False,108.45,109.0,123.38,,,,NO_BROKER_DATA|GATE_AVAILABLE:4|GATE_MET:0|GATE_FAIL:VWAP|GATE_FAIL:VOL|GATE_FAIL:HIGH20|GATE_FAIL:RS|NO_SETUP|scoring_version:v2
2026-04-11,2026-04-01,6277,CAUTION,44,True,False,71.84,72.2,75.81,,,,NO_BROKER_DATA|scoring_version:v2|SECTOR_RANK:1/111
2026-04-11,2026-04-01,6282,CAUTION,0,True,False,45.02,45.25,55.44,,,,NO_BROKER_DATA|GATE_AVAILABLE:4|GATE_MET:0|GATE_FAIL:VWAP|GATE_FAIL:VOL|GATE_FAIL:HIGH20|GATE_FAIL:RS|NO_SETUP|scoring_version:v2
2026-04-11,2026-04-01,6290,CAUTION,0,True,False,198.0,199.0,230.48,,,,NO_BROKER_DATA|GATE_AVAILABLE:4|GATE_MET:0|GATE_FAIL:VWAP|GATE_FAIL:VOL|GATE_FAIL:HIGH20|GATE_FAIL:RS|NO_SETUP|scoring_version:v2
2026-04-11,2026-04-01,6284,CAUTION,16,True,False,81.89,82.3,87.47,,,,NO_BROKER_DATA|scoring_version:v2
2026-04-11,2026-04-01,6291,CAUTION,30,True,False,368.65,370.5,389.03,,,,NO_BROKER_DATA|scoring_version:v2|SECTOR_RANK:27/198
2026-04-11,2026-04-01,6292,CAUTION,0,True,False,46.27,46.5,51.45,,,,NO_BROKER_DATA|GATE_AVAILABLE:4|GATE_MET:1|GATE_FAIL:VWAP|GATE_FAIL:VOL|GATE_FAIL:HIGH20|GATE_PASS:RS|NO_SETUP|scoring_version:v2
2026-04-11,2026-04-01,6411,CAUTION,0,True,False,72.73,73.1,80.54,,,,NO_BROKER_DATA|GATE_AVAILABLE:4|GATE_MET:0|GATE_FAIL:VWAP|GATE_FAIL:VOL|GATE_FAIL:HIGH20|GATE_FAIL:RS|NO_SETUP|scoring_version:v2
2026-04-11,2026-04-01,6412,CAUTION,0,True,False,72.64,73.0,97.44,,,,NO_BROKER_DATA|GATE_AVAILABLE:4|GATE_MET:0|GATE_FAIL:VWAP|GATE_FAIL:VOL|GATE_FAIL:HIGH20|GATE_FAIL:RS|NO_SETUP|scoring_version:v2
2026-04-11,2026-04-01,6414,CAUTION,27,True,False,273.13,274.5,288.23,,,,NO_BROKER_DATA|scoring_version:v2|SECTOR_RANK:12/111
2026-04-11,2026-04-01,6423,CAUTION,0,True,False,81.59,82.0,96.92,,,,NO_BROKER_DATA|GATE_AVAILABLE:4|GATE_MET:0|GATE_FAIL:VWAP|GATE_FAIL:VOL|GATE_FAIL:HIGH20|GATE_FAIL:RS|NO_SETUP|scoring_version:v2
2026-04-11,2026-04-01,6418,CAUTION,0,True,False,30.1,30.25,32.76,,,,NO_BROKER_DATA|GATE_AVAILABLE:4|GATE_MET:0|GATE_FAIL:VWAP|GATE_FAIL:VOL|GATE_FAIL:HIGH20|GATE_FAIL:RS|NO_SETUP|scoring_version:v2
2026-04-11,2026-04-01,6432,CAUTION,0,True,False,32.93,33.1,39.74,,,,NO_BROKER_DATA|GATE_AVAILABLE:4|GATE_MET:0|GATE_FAIL:VWAP|GATE_FAIL:VOL|GATE_FAIL:HIGH20|GATE_FAIL:RS|NO_SETUP|scoring_version:v2
2026-04-11,2026-04-01,6435,CAUTION,0,True,False,150.25,151.0,176.4,,,,NO_BROKER_DATA|GATE_AVAILABLE:4|GATE_MET:0|GATE_FAIL:VWAP|GATE_FAIL:VOL|GATE_FAIL:HIGH20|GATE_FAIL:RS|NO_SETUP|scoring_version:v2
2026-04-11,2026-04-01,6441,CAUTION,0,True,False,19.65,19.75,21.0,,,,NO_BROKER_DATA|GATE_AVAILABLE:4|GATE_MET:0|GATE_FAIL:VWAP|GATE_FAIL:VOL|GATE_FAIL:HIGH20|GATE_FAIL:RS|NO_SETUP|scoring_version:v2
2026-04-11,2026-04-01,6449,CAUTION,0,True,False,150.25,151.0,158.55,,,,NO_BROKER_DATA|GATE_AVAILABLE:4|GATE_MET:0|GATE_FAIL:VWAP|GATE_FAIL:VOL|GATE_FAIL:HIGH20|GATE_FAIL:RS|NO_SETUP|scoring_version:v2
2026-04-11,2026-04-01,6451,CAUTION,0,True,False,303.48,305.0,320.25,,,,NO_BROKER_DATA|GATE_AVAILABLE:4|GATE_MET:0|GATE_FAIL:VWAP|GATE_FAIL:VOL|GATE_FAIL:HIGH20|GATE_FAIL:RS|NO_SETUP|scoring_version:v2
2026-04-11,2026-04-01,6462,CAUTION,42,True,False,106.96,107.5,112.88,,,,NO_BROKER_DATA|scoring_version:v2|SECTOR_RANK:6/198
2026-04-11,2026-04-01,6488,CAUTION,0,True,False,411.43,413.5,450.45,,,,NO_BROKER_DATA|GATE_AVAILABLE:4|GATE_MET:1|GATE_FAIL:VWAP|GATE_PASS:VOL|GATE_FAIL:HIGH20|GATE_FAIL:RS|NO_SETUP|scoring_version:v2
2026-04-11,2026-04-01,6485,CAUTION,0,True,False,80.4,80.8,96.08,,,,NO_BROKER_DATA|GATE_AVAILABLE:4|GATE_MET:0|GATE_FAIL:VWAP|GATE_FAIL:VOL|GATE_FAIL:HIGH20|GATE_FAIL:RS|NO_SETUP|scoring_version:v2
2026-04-11,2026-04-01,6494,CAUTION,0,True,False,44.28,44.5,50.93,,,,NO_BROKER_DATA|GATE_AVAILABLE:4|GATE_MET:0|GATE_FAIL:VWAP|GATE_FAIL:VOL|GATE_FAIL:HIGH20|GATE_FAIL:RS|NO_SETUP|scoring_version:v2
2026-04-11,2026-04-01,6510,CAUTION,16,True,False,3338.22,3355.0,4215.75,,,,NO_BROKER_DATA|scoring_version:v2
2026-04-11,2026-04-01,6515,CAUTION,0,True,False,7253.55,7290.0,7654.5,,,,NO_BROKER_DATA|GATE_AVAILABLE:4|GATE_MET:0|GATE_FAIL:VWAP|GATE_FAIL:VOL|GATE_FAIL:HIGH20|GATE_FAIL:RS|NO_SETUP|scoring_version:v2
2026-04-11,2026-04-01,6525,CAUTION,0,True,False,80.1,80.5,88.94,,,,NO_BROKER_DATA|GATE_AVAILABLE:4|GATE_MET:0|GATE_FAIL:VWAP|GATE_FAIL:VOL|GATE_FAIL:HIGH20|GATE_FAIL:RS|NO_SETUP|scoring_version:v2
2026-04-11,2026-04-01,6526,CAUTION,0,True,False,481.08,483.5,576.45,,,,NO_BROKER_DATA|GATE_AVAILABLE:4|GATE_MET:1|GATE_PASS:VWAP|GATE_FAIL:VOL|GATE_FAIL:HIGH20|GATE_FAIL:RS|NO_SETUP|scoring_version:v2
2026-04-11,2026-04-01,6533,CAUTION,0,True,False,178.1,179.0,208.43,,,,NO_BROKER_DATA|GATE_AVAILABLE:4|GATE_MET:1|GATE_PASS:VWAP|GATE_FAIL:VOL|GATE_FAIL:HIGH20|GATE_FAIL:RS|NO_SETUP|scoring_version:v2
2026-04-11,2026-04-01,6532,CAUTION,26,True,False,74.72,75.1,79.17,,,,NO_BROKER_DATA|scoring_version:v2|SECTOR_RANK:37/198
2026-04-11,2026-04-01,6538,CAUTION,0,True,False,72.04,72.4,80.54,,,,NO_BROKER_DATA|GATE_AVAILABLE:4|GATE_MET:1|GATE_FAIL:VWAP|GATE_FAIL:VOL|GATE_FAIL:HIGH20|GATE_PASS:RS|NO_SETUP|scoring_version:v2
2026-04-11,2026-04-01,6552,CAUTION,0,True,False,25.72,25.85,27.14,,,,NO_BROKER_DATA|GATE_AVAILABLE:4|GATE_MET:0|GATE_FAIL:VWAP|GATE_FAIL:VOL|GATE_FAIL:HIGH20|GATE_FAIL:RS|NO_SETUP|scoring_version:v2
2026-04-11,2026-04-01,6568,CAUTION,34,True,False,215.91,217.0,227.85,,,,NO_BROKER_DATA|scoring_version:v2|SECTOR_RANK:18/198
2026-04-11,2026-04-01,6570,CAUTION,27,True,False,37.76,37.95,40.79,,,,NO_BROKER_DATA|scoring_version:v2|SECTOR_RANK:13/111
2026-04-11,2026-04-01,6577,CAUTION,28,True,False,76.42,76.8,80.85,,,,NO_BROKER_DATA|scoring_version:v2|SECTOR_RANK:10/111
2026-04-11,2026-04-01,6573,CAUTION,0,True,False,12.44,12.5,14.44,,,,NO_BROKER_DATA|GATE_AVAILABLE:4|GATE_MET:0|GATE_FAIL:VWAP|GATE_FAIL:VOL|GATE_FAIL:HIGH20|GATE_FAIL:RS|NO_SETUP|scoring_version:v2
2026-04-11,2026-04-01,6584,CAUTION,41,True,False,606.95,610.0,640.5,,,,NO_BROKER_DATA|scoring_version:v2|SECTOR_RANK:7/209
2026-04-11,2026-04-01,6579,CAUTION,43,True,False,114.42,115.0,122.33,,,,NO_BROKER_DATA|scoring_version:v2|SECTOR_RANK:2/111
2026-04-11,2026-04-01,6591,CAUTION,0,True,False,59.7,60.0,65.31,,,,NO_BROKER_DATA|GATE_AVAILABLE:4|GATE_MET:0|GATE_FAIL:VWAP|GATE_FAIL:VOL|GATE_FAIL:HIGH20|GATE_FAIL:RS|NO_SETUP|scoring_version:v2
2026-04-11,2026-04-01,6597,CAUTION,0,True,False,60.1,60.4,65.62,,,,NO_BROKER_DATA|GATE_AVAILABLE:4|GATE_MET:1|GATE_FAIL:VWAP|GATE_PASS:VOL|GATE_FAIL:HIGH20|GATE_FAIL:RS|NO_SETUP|scoring_version:v2
2026-04-11,2026-04-01,6640,CAUTION,17,True,False,1383.05,1390.0,1491.0,,,,NO_BROKER_DATA|scoring_version:v2
2026-04-11,2026-04-01,6643,CAUTION,31,True,False,483.57,486.0,530.25,,,,NO_BROKER_DATA|scoring_version:v2|SECTOR_RANK:23/198
2026-04-11,2026-04-01,6642,CAUTION,0,True,False,53.53,53.8,60.16,,,,NO_BROKER_DATA|GATE_AVAILABLE:4|GATE_MET:1|GATE_FAIL:VWAP|GATE_PASS:VOL|GATE_FAIL:HIGH20|GATE_FAIL:RS|NO_SETUP|scoring_version:v2
2026-04-11,2026-04-01,6651,CAUTION,0,True,False,84.58,85.0,95.45,,,,NO_BROKER_DATA|GATE_AVAILABLE:4|GATE_MET:0|GATE_FAIL:VWAP|GATE_FAIL:VOL|GATE_FAIL:HIGH20|GATE_FAIL:RS|NO_SETUP|scoring_version:v2
2026-04-11,2026-04-01,6664,WATCH,57,True,False,320.89,322.5,338.62,,,,NO_BROKER_DATA|scoring_version:v2|SECTOR_RANK:1/209
2026-04-11,2026-04-01,6669,CAUTION,0,True,False,3402.9,3420.0,3638.25,,,,NO_BROKER_DATA|GATE_AVAILABLE:4|GATE_MET:1|GATE_PASS:VWAP|GATE_FAIL:VOL|GATE_FAIL:HIGH20|GATE_FAIL:RS|NO_SETUP|scoring_version:v2
2026-04-11,2026-04-01,6679,CAUTION,26,True,False,247.75,249.0,261.45,,,,NO_BROKER_DATA|scoring_version:v2|SECTOR_RANK:38/198
2026-04-11,2026-04-01,6672,CAUTION,34,True,False,129.35,130.0,136.5,,,,NO_BROKER_DATA|scoring_version:v2|SECTOR_RANK:19/209
2026-04-11,2026-04-01,6680,CAUTION,0,True,False,55.52,55.8,60.59,,,,NO_BROKER_DATA|GATE_AVAILABLE:4|GATE_MET:1|GATE_PASS:VWAP|GATE_FAIL:VOL|GATE_FAIL:HIGH20|GATE_FAIL:RS|NO_SETUP|scoring_version:v2
2026-04-11,2026-04-01,6683,CAUTION,37,True,False,1497.47,1505.0,1596.0,,,,NO_BROKER_DATA|scoring_version:v2|SECTOR_RANK:12/198
2026-04-11,2026-04-01,6684,CAUTION,0,True,False,42.78,43.0,48.3,,,,NO_BROKER_DATA|GATE_AVAILABLE:4|GATE_MET:1|GATE_PASS:VWAP|GATE_FAIL:VOL|GATE_FAIL:HIGH20|GATE_FAIL:RS|NO_SETUP|scoring_version:v2
2026-04-11,2026-04-01,6693,CAUTION,34,True,False,105.47,106.0,111.3,,,,NO_BROKER_DATA|scoring_version:v2|SECTOR_RANK:19/198
2026-04-11,2026-04-01,6695,CAUTION,37,True,False,39.05,39.25,44.21,,,,NO_BROKER_DATA|scoring_version:v2|SECTOR_RANK:13/198
2026-04-11,2026-04-01,6708,CAUTION,25,True,False,40.2,40.4,42.42,,,,NO_BROKER_DATA|scoring_version:v2|SECTOR_RANK:39/198
2026-04-11,2026-04-01,6716,CAUTION,0,True,False,66.37,66.7,93.55,,,,NO_BROKER_DATA|GATE_AVAILABLE:4|GATE_MET:0|GATE_FAIL:VWAP|GATE_FAIL:VOL|GATE_FAIL:HIGH20|GATE_FAIL:RS|NO_SETUP|scoring_version:v2
2026-04-11,2026-04-01,6720,CAUTION,27,True,False,171.64,172.5,181.12,,,,NO_BROKER_DATA|scoring_version:v2|SECTOR_RANK:32/198
2026-04-11,2026-04-01,6719,CAUTION,0,True,False,162.19,163.0,172.2,,,,NO_BROKER_DATA|GATE_AVAILABLE:4|GATE_MET:0|GATE_FAIL:VWAP|GATE_FAIL:VOL|GATE_FAIL:HIGH20|GATE_FAIL:RS|NO_SETUP|scoring_version:v2
2026-04-11,2026-04-01,6715,CAUTION,18,True,False,327.85,329.5,345.98,,,,NO_BROKER_DATA|scoring_version:v2
2026-04-11,2026-04-01,6727,CAUTION,34,True,False,323.87,325.5,341.78,,,,NO_BROKER_DATA|scoring_version:v2|SECTOR_RANK:20/209
2026-04-11,2026-04-01,6732,CAUTION,0,True,False,148.25,149.0,169.58,,,,NO_BROKER_DATA|GATE_AVAILABLE:4|GATE_MET:0|GATE_FAIL:VWAP|GATE_FAIL:VOL|GATE_FAIL:HIGH20|GATE_FAIL:RS|NO_SETUP|scoring_version:v2
2026-04-11,2026-04-01,6770,CAUTION,0,True,False,54.63,54.9,79.28,,,,NO_BROKER_DATA|GATE_AVAILABLE:4|GATE_MET:0|GATE_FAIL:VWAP|GATE_FAIL:VOL|GATE_FAIL:HIGH20|GATE_FAIL:RS|NO_SETUP|scoring_version:v2
2026-04-11,2026-04-01,6761,CAUTION,0,True,False,158.21,159.0,176.93,,,,NO_BROKER_DATA|GATE_AVAILABLE:4|GATE_MET:0|GATE_FAIL:VWAP|GATE_FAIL:VOL|GATE_FAIL:HIGH20|GATE_FAIL:RS|NO_SETUP|scoring_version:v2
2026-04-11,2026-04-01,6756,CAUTION,0,True,False,70.64,71.0,82.64,,,,NO_BROKER_DATA|GATE_AVAILABLE:4|GATE_MET:0|GATE_FAIL:VWAP|GATE_FAIL:VOL|GATE_FAIL:HIGH20|GATE_FAIL:RS|NO_SETUP|scoring_version:v2
2026-04-11,2026-04-01,6781,CAUTION,0,True,False,993.01,998.0,1144.5,,,,NO_BROKER_DATA|GATE_AVAILABLE:4|GATE_MET:0|GATE_FAIL:VWAP|GATE_FAIL:VOL|GATE_FAIL:HIGH20|GATE_FAIL:RS|NO_SETUP|scoring_version:v2
2026-04-11,2026-04-01,6788,CAUTION,0,True,False,361.19,363.0,421.05,,,,NO_BROKER_DATA|GATE_AVAILABLE:4|GATE_MET:0|GATE_FAIL:VWAP|GATE_FAIL:VOL|GATE_FAIL:HIGH20|GATE_FAIL:RS|NO_SETUP|scoring_version:v2
2026-04-11,2026-04-01,6799,CAUTION,0,True,False,74.33,74.7,88.1,,,,NO_BROKER_DATA|GATE_AVAILABLE:4|GATE_MET:0|GATE_FAIL:VWAP|GATE_FAIL:VOL|GATE_FAIL:HIGH20|GATE_FAIL:RS|NO_SETUP|scoring_version:v2
2026-04-11,2026-04-01,6789,CAUTION,0,True,False,316.41,318.0,371.18,,,,NO_BROKER_DATA|GATE_AVAILABLE:4|GATE_MET:1|GATE_PASS:VWAP|GATE_FAIL:VOL|GATE_FAIL:HIGH20|GATE_FAIL:RS|NO_SETUP|scoring_version:v2
2026-04-11,2026-04-01,6805,CAUTION,29,True,False,1915.38,1925.0,2021.25,,,,NO_BROKER_DATA|scoring_version:v2|SECTOR_RANK:32/209
2026-04-11,2026-04-01,6821,CAUTION,30,True,False,58.7,59.0,64.05,,,,NO_BROKER_DATA|scoring_version:v2|SECTOR_RANK:29/209
2026-04-11,2026-04-01,6823,CAUTION,0,True,False,62.88,63.2,71.92,,,,NO_BROKER_DATA|GATE_AVAILABLE:4|GATE_MET:0|GATE_FAIL:VWAP|GATE_FAIL:VOL|GATE_FAIL:HIGH20|GATE_FAIL:RS|NO_SETUP|scoring_version:v2
2026-04-11,2026-04-01,6831,CAUTION,24,True,False,404.96,407.0,427.35,,,,NO_BROKER_DATA|scoring_version:v2|SECTOR_RANK:17/111
2026-04-11,2026-04-01,6829,CAUTION,30,True,False,118.41,119.0,129.68,,,,NO_BROKER_DATA|scoring_version:v2|SECTOR_RANK:28/198
2026-04-11,2026-04-01,6835,CAUTION,0,True,False,37.31,37.5,41.16,,,,NO_BROKER_DATA|GATE_AVAILABLE:4|GATE_MET:0|GATE_FAIL:VWAP|GATE_FAIL:VOL|GATE_FAIL:HIGH20|GATE_FAIL:RS|NO_SETUP|scoring_version:v2
2026-04-11,2026-04-01,6854,CAUTION,0,True,False,140.29,141.0,160.12,,,,NO_BROKER_DATA|GATE_AVAILABLE:4|GATE_MET:0|GATE_FAIL:VWAP|GATE_FAIL:VOL|GATE_FAIL:HIGH20|GATE_FAIL:RS|NO_SETUP|scoring_version:v2
2026-04-11,2026-04-01,6834,CAUTION,35,True,False,31.79,31.95,35.96,,,,NO_BROKER_DATA|scoring_version:v2|SECTOR_RANK:17/209
2026-04-11,2026-04-01,6895,CAUTION,32,True,False,186.06,187.0,196.35,,,,NO_BROKER_DATA|scoring_version:v2|SECTOR_RANK:21/198
2026-04-11,2026-04-01,6862,CAUTION,0,True,False,160.69,161.5,219.98,,,,NO_BROKER_DATA|GATE_AVAILABLE:4|GATE_MET:0|GATE_FAIL:VWAP|GATE_FAIL:VOL|GATE_FAIL:HIGH20|GATE_FAIL:RS|NO_SETUP|scoring_version:v2
2026-04-11,2026-04-01,6907,CAUTION,0,True,False,108.45,109.0,139.12,,,,NO_BROKER_DATA|GATE_AVAILABLE:4|GATE_MET:0|GATE_FAIL:VWAP|GATE_FAIL:VOL|GATE_FAIL:HIGH20|GATE_FAIL:RS|NO_SETUP|scoring_version:v2
2026-04-11,2026-04-01,6909,CAUTION,0,True,False,43.83,44.05,51.61,,,,NO_BROKER_DATA|GATE_AVAILABLE:4|GATE_MET:0|GATE_FAIL:VWAP|GATE_FAIL:VOL|GATE_FAIL:HIGH20|GATE_FAIL:RS|NO_SETUP|scoring_version:v2
2026-04-11,2026-04-01,6913,CAUTION,0,True,False,105.97,106.5,126.53,,,,NO_BROKER_DATA|GATE_AVAILABLE:4|GATE_MET:0|GATE_FAIL:VWAP|GATE_FAIL:VOL|GATE_FAIL:HIGH20|GATE_FAIL:RS|NO_SETUP|scoring_version:v2
2026-04-11,2026-04-01,6921,CAUTION,16,True,False,70.64,71.0,74.97,,,,NO_BROKER_DATA|scoring_version:v2
2026-04-11,2026-04-01,6924,CAUTION,0,True,False,79.3,79.7,83.69,,,,NO_BROKER_DATA|GATE_AVAILABLE:4|GATE_MET:0|GATE_FAIL:VWAP|GATE_FAIL:VOL|GATE_FAIL:HIGH20|GATE_FAIL:RS|NO_SETUP|scoring_version:v2
2026-04-11,2026-04-01,6922,CAUTION,0,True,False,154.22,155.0,174.83,,,,NO_BROKER_DATA|GATE_AVAILABLE:4|GATE_MET:0|GATE_FAIL:VWAP|GATE_FAIL:VOL|GATE_FAIL:HIGH20|GATE_FAIL:RS|NO_SETUP|scoring_version:v2
2026-04-11,2026-04-01,6928,CAUTION,33,True,False,47.06,47.3,49.66,,,,NO_BROKER_DATA|scoring_version:v2|SECTOR_RANK:7/111
2026-04-11,2026-04-01,6933,CAUTION,0,True,False,126.36,127.0,143.33,,,,NO_BROKER_DATA|GATE_AVAILABLE:4|GATE_MET:0|GATE_FAIL:VWAP|GATE_FAIL:VOL|GATE_FAIL:HIGH20|GATE_FAIL:RS|NO_SETUP|scoring_version:v2
2026-04-11,2026-04-01,6937,CAUTION,0,True,False,244.27,245.5,274.57,,,,NO_BROKER_DATA|GATE_AVAILABLE:4|GATE_MET:0|GATE_FAIL:VWAP|GATE_FAIL:VOL|GATE_FAIL:HIGH20|GATE_FAIL:RS|NO_SETUP|scoring_version:v2
2026-04-11,2026-04-01,6962,CAUTION,0,True,False,33.13,33.3,36.12,,,,NO_BROKER_DATA|GATE_AVAILABLE:4|GATE_MET:0|GATE_FAIL:VWAP|GATE_FAIL:VOL|GATE_FAIL:HIGH20|GATE_FAIL:RS|NO_SETUP|scoring_version:v2
2026-04-11,2026-04-01,6967,CAUTION,0,True,False,63.68,64.0,75.81,,,,NO_BROKER_DATA|GATE_AVAILABLE:4|GATE_MET:0|GATE_FAIL:VWAP|GATE_FAIL:VOL|GATE_FAIL:HIGH20|GATE_FAIL:RS|NO_SETUP|scoring_version:v2
2026-04-11,2026-04-01,6953,CAUTION,0,True,False,211.94,213.0,223.65,,,,NO_BROKER_DATA|GATE_AVAILABLE:4|GATE_MET:0|GATE_FAIL:VWAP|GATE_FAIL:VOL|GATE_FAIL:HIGH20|GATE_FAIL:RS|NO_SETUP|scoring_version:v2
2026-04-11,2026-04-01,6996,CAUTION,0,True,False,165.67,166.5,189.0,,,,NO_BROKER_DATA|GATE_AVAILABLE:4|GATE_MET:0|GATE_FAIL:VWAP|GATE_FAIL:VOL|GATE_FAIL:HIGH20|GATE_FAIL:RS|NO_SETUP|scoring_version:v2
2026-04-11,2026-04-01,7556,CAUTION,0,True,False,170.15,171.0,191.62,,,,NO_BROKER_DATA|GATE_AVAILABLE:4|GATE_MET:1|GATE_PASS:VWAP|GATE_FAIL:VOL|GATE_FAIL:HIGH20|GATE_FAIL:RS|NO_SETUP|scoring_version:v2
2026-04-11,2026-04-01,7704,CAUTION,16,True,False,44.97,45.2,47.46,,,,NO_BROKER_DATA|scoring_version:v2
2026-04-11,2026-04-01,7711,CAUTION,0,True,False,264.17,265.5,282.98,,,,NO_BROKER_DATA|GATE_AVAILABLE:4|GATE_MET:0|GATE_FAIL:VWAP|GATE_FAIL:VOL|GATE_FAIL:HIGH20|GATE_FAIL:RS|NO_SETUP|scoring_version:v2
2026-04-11,2026-04-01,7730,CAUTION,0,True,False,165.17,166.0,174.3,,,,NO_BROKER_DATA|GATE_AVAILABLE:4|GATE_MET:0|GATE_FAIL:VWAP|GATE_FAIL:VOL|GATE_FAIL:HIGH20|GATE_FAIL:RS|NO_SETUP|scoring_version:v2
2026-04-11,2026-04-01,7712,CAUTION,0,True,False,106.47,107.0,134.93,,,,NO_BROKER_DATA|GATE_AVAILABLE:4|GATE_MET:0|GATE_FAIL:VWAP|GATE_FAIL:VOL|GATE_FAIL:HIGH20|GATE_FAIL:RS|NO_SETUP|scoring_version:v2
2026-04-11,2026-04-01,7734,CAUTION,33,True,False,2318.35,2330.0,2446.5,,,,NO_BROKER_DATA|scoring_version:v2|SECTOR_RANK:20/198
2026-04-11,2026-04-01,7749,CAUTION,0,True,False,358.2,360.0,449.4,,,,NO_BROKER_DATA|GATE_AVAILABLE:4|GATE_MET:0|GATE_FAIL:VWAP|GATE_FAIL:VOL|GATE_FAIL:HIGH20|GATE_FAIL:RS|NO_SETUP|scoring_version:v2
2026-04-11,2026-04-01,7744,CAUTION,0,True,False,432.82,435.0,506.1,,,,NO_BROKER_DATA|GATE_AVAILABLE:4|GATE_MET:1|GATE_FAIL:VWAP|GATE_FAIL:VOL|GATE_FAIL:HIGH20|GATE_PASS:RS|NO_SETUP|scoring_version:v2
2026-04-11,2026-04-01,7751,CAUTION,0,True,False,1507.42,1515.0,1737.75,,,,NO_BROKER_DATA|GATE_AVAILABLE:4|GATE_MET:0|GATE_FAIL:VWAP|GATE_FAIL:VOL|GATE_FAIL:HIGH20|GATE_FAIL:RS|NO_SETUP|scoring_version:v2
2026-04-11,2026-04-01,7769,CAUTION,19,True,False,3835.72,3855.0,4310.25,,,,NO_BROKER_DATA|scoring_version:v2
2026-04-11,2026-04-01,7770,CAUTION,29,True,False,50.45,50.7,56.49,,,,NO_BROKER_DATA|scoring_version:v2|SECTOR_RANK:31/198
2026-04-11,2026-04-01,7788,CAUTION,0,True,False,136.81,137.5,155.4,,,,NO_BROKER_DATA|GATE_AVAILABLE:4|GATE_MET:0|GATE_FAIL:VWAP|GATE_FAIL:VOL|GATE_FAIL:HIGH20|GATE_FAIL:RS|NO_SETUP|scoring_version:v2
2026-04-11,2026-04-01,7795,CAUTION,0,True,False,337.8,339.5,456.75,,,,NO_BROKER_DATA|GATE_AVAILABLE:4|GATE_MET:0|GATE_FAIL:VWAP|GATE_FAIL:VOL|GATE_FAIL:HIGH20|GATE_FAIL:RS|NO_SETUP|scoring_version:v2
2026-04-11,2026-04-01,7810,CAUTION,0,True,False,245.27,246.5,286.12,,,,NO_BROKER_DATA|GATE_AVAILABLE:4|GATE_MET:0|GATE_FAIL:VWAP|GATE_FAIL:VOL|GATE_FAIL:HIGH20|GATE_FAIL:RS|NO_SETUP|scoring_version:v2
2026-04-11,2026-04-01,7822,CAUTION,0,True,False,1537.28,1545.0,1779.75,,,,NO_BROKER_DATA|GATE_AVAILABLE:4|GATE_MET:0|GATE_FAIL:VWAP|GATE_FAIL:VOL|GATE_FAIL:HIGH20|GATE_FAIL:RS|NO_SETUP|scoring_version:v2
2026-04-11,2026-04-01,8016,CAUTION,0,True,False,193.53,194.5,211.05,,,,NO_BROKER_DATA|GATE_AVAILABLE:4|GATE_MET:0|GATE_FAIL:VWAP|GATE_FAIL:VOL|GATE_FAIL:HIGH20|GATE_FAIL:RS|NO_SETUP|scoring_version:v2
2026-04-11,2026-04-01,8024,CAUTION,0,True,False,12.54,12.6,13.23,,,,NO_BROKER_DATA|GATE_AVAILABLE:4|GATE_MET:1|GATE_FAIL:VWAP|GATE_PASS:VOL|GATE_FAIL:HIGH20|GATE_FAIL:RS|NO_SETUP|scoring_version:v2
2026-04-11,2026-04-01,8028,CAUTION,0,True,False,176.61,177.5,206.85,,,,NO_BROKER_DATA|GATE_AVAILABLE:4|GATE_MET:0|GATE_FAIL:VWAP|GATE_FAIL:VOL|GATE_FAIL:HIGH20|GATE_FAIL:RS|NO_SETUP|scoring_version:v2
2026-04-11,2026-04-01,8038,CAUTION,0,True,False,39.1,39.3,46.52,,,,NO_BROKER_DATA|GATE_AVAILABLE:4|GATE_MET:0|GATE_FAIL:VWAP|GATE_FAIL:VOL|GATE_FAIL:HIGH20|GATE_FAIL:RS|NO_SETUP|scoring_version:v2
2026-04-11,2026-04-01,8039,CAUTION,20,True,False,110.44,111.0,134.4,,,,NO_BROKER_DATA|scoring_version:v2
2026-04-11,2026-04-01,8040,CAUTION,0,True,False,48.56,48.8,52.45,,,,NO_BROKER_DATA|GATE_AVAILABLE:4|GATE_MET:0|GATE_FAIL:VWAP|GATE_FAIL:VOL|GATE_FAIL:HIGH20|GATE_FAIL:RS|NO_SETUP|scoring_version:v2
2026-04-11,2026-04-01,8042,CAUTION,0,True,False,53.83,54.1,61.01,,,,NO_BROKER_DATA|GATE_AVAILABLE:4|GATE_MET:1|GATE_FAIL:VWAP|GATE_FAIL:VOL|GATE_FAIL:HIGH20|GATE_PASS:RS|NO_SETUP|scoring_version:v2
2026-04-11,2026-04-01,8043,CAUTION,0,True,False,67.66,68.0,81.48,,,,NO_BROKER_DATA|GATE_AVAILABLE:4|GATE_MET:0|GATE_FAIL:VWAP|GATE_FAIL:VOL|GATE_FAIL:HIGH20|GATE_FAIL:RS|NO_SETUP|scoring_version:v2
2026-04-11,2026-04-01,8046,CAUTION,42,True,False,571.13,574.0,602.7,,,,NO_BROKER_DATA|scoring_version:v2|SECTOR_RANK:4/209
2026-04-11,2026-04-01,8050,CAUTION,21,True,False,40.2,40.4,42.42,,,,NO_BROKER_DATA|scoring_version:v2|SECTOR_RANK:21/111
2026-04-11,2026-04-01,8054,CAUTION,0,True,False,94.13,94.6,105.53,,,,NO_BROKER_DATA|GATE_AVAILABLE:4|GATE_MET:0|GATE_FAIL:VWAP|GATE_FAIL:VOL|GATE_FAIL:HIGH20|GATE_FAIL:RS|NO_SETUP|scoring_version:v2
2026-04-11,2026-04-01,8071,CAUTION,0,True,False,15.92,16.0,17.38,,,,NO_BROKER_DATA|GATE_AVAILABLE:4|GATE_MET:0|GATE_FAIL:VWAP|GATE_FAIL:VOL|GATE_FAIL:HIGH20|GATE_FAIL:RS|NO_SETUP|scoring_version:v2
2026-04-11,2026-04-01,8076,CAUTION,0,True,False,23.88,24.0,26.46,,,,NO_BROKER_DATA|GATE_AVAILABLE:4|GATE_MET:0|GATE_FAIL:VWAP|GATE_FAIL:VOL|GATE_FAIL:HIGH20|GATE_FAIL:RS|NO_SETUP|scoring_version:v2
2026-04-11,2026-04-01,8074,CAUTION,0,True,False,55.32,55.6,69.2,,,,NO_BROKER_DATA|GATE_AVAILABLE:4|GATE_MET:1|GATE_PASS:VWAP|GATE_FAIL:VOL|GATE_FAIL:HIGH20|GATE_FAIL:RS|NO_SETUP|scoring_version:v2
2026-04-11,2026-04-01,8081,CAUTION,31,True,False,230.84,232.0,243.6,,,,NO_BROKER_DATA|scoring_version:v2|SECTOR_RANK:24/198
2026-04-11,2026-04-01,8086,CAUTION,0,True,False,122.39,123.0,143.85,,,,NO_BROKER_DATA|GATE_AVAILABLE:4|GATE_MET:0|GATE_FAIL:VWAP|GATE_FAIL:VOL|GATE_FAIL:HIGH20|GATE_FAIL:RS|NO_SETUP|scoring_version:v2
2026-04-11,2026-04-01,8088,CAUTION,0,True,False,50.94,51.2,62.16,,,,NO_BROKER_DATA|GATE_AVAILABLE:4|GATE_MET:1|GATE_PASS:VWAP|GATE_FAIL:VOL|GATE_FAIL:HIGH20|GATE_FAIL:RS|NO_SETUP|scoring_version:v2
2026-04-11,2026-04-01,8093,CAUTION,7,True,False,19.6,19.7,20.68,,,,NO_BROKER_DATA|scoring_version:v2
2026-04-11,2026-04-01,8091,CAUTION,49,True,False,156.71,157.5,165.38,,,,NO_BROKER_DATA|scoring_version:v2|SECTOR_RANK:2/198
2026-04-11,2026-04-01,8102,CAUTION,0,True,False,54.23,54.5,57.23,,,,NO_BROKER_DATA|GATE_AVAILABLE:4|GATE_MET:0|GATE_FAIL:VWAP|GATE_FAIL:VOL|GATE_FAIL:HIGH20|GATE_FAIL:RS|NO_SETUP|scoring_version:v2
2026-04-11,2026-04-01,8103,CAUTION,0,True,False,80.3,80.7,97.02,,,,NO_BROKER_DATA|GATE_AVAILABLE:4|GATE_MET:1|GATE_PASS:VWAP|GATE_FAIL:VOL|GATE_FAIL:HIGH20|GATE_FAIL:RS|NO_SETUP|scoring_version:v2
2026-04-11,2026-04-01,8109,CAUTION,27,True,False,104.97,105.5,110.78,,,,NO_BROKER_DATA|scoring_version:v2|SECTOR_RANK:37/209
2026-04-11,2026-04-01,8110,CAUTION,0,True,False,50.65,50.9,66.36,,,,NO_BROKER_DATA|GATE_AVAILABLE:4|GATE_MET:1|GATE_PASS:VWAP|GATE_FAIL:VOL|GATE_FAIL:HIGH20|GATE_FAIL:RS|NO_SETUP|scoring_version:v2
2026-04-11,2026-04-01,8114,CAUTION,0,True,False,168.65,169.5,194.78,,,,NO_BROKER_DATA|GATE_AVAILABLE:4|GATE_MET:0|GATE_FAIL:VWAP|GATE_FAIL:VOL|GATE_FAIL:HIGH20|GATE_FAIL:RS|NO_SETUP|scoring_version:v2
2026-04-11,2026-04-01,8121,CAUTION,0,True,False,23.58,23.7,25.09,,,,NO_BROKER_DATA|GATE_AVAILABLE:4|GATE_MET:0|GATE_FAIL:VWAP|GATE_FAIL:VOL|GATE_FAIL:HIGH20|GATE_FAIL:RS|NO_SETUP|scoring_version:v2
2026-04-11,2026-04-01,8131,CAUTION,0,True,False,60.79,61.1,72.66,,,,NO_BROKER_DATA|GATE_AVAILABLE:4|GATE_MET:0|GATE_FAIL:VWAP|GATE_FAIL:VOL|GATE_FAIL:HIGH20|GATE_FAIL:RS|NO_SETUP|scoring_version:v2
2026-04-11,2026-04-01,8147,CAUTION,0,True,False,132.34,133.0,149.62,,,,NO_BROKER_DATA|GATE_AVAILABLE:4|GATE_MET:0|GATE_FAIL:VWAP|GATE_FAIL:VOL|GATE_FAIL:HIGH20|GATE_FAIL:RS|NO_SETUP|scoring_version:v2
2026-04-11,2026-04-01,8155,CAUTION,0,True,False,243.28,244.5,288.75,,,,NO_BROKER_DATA|GATE_AVAILABLE:4|GATE_MET:0|GATE_FAIL:VWAP|GATE_FAIL:VOL|GATE_FAIL:HIGH20|GATE_FAIL:RS|NO_SETUP|scoring_version:v2
2026-04-11,2026-04-01,8150,CAUTION,0,True,False,55.22,55.5,66.05,,,,NO_BROKER_DATA|GATE_AVAILABLE:4|GATE_MET:0|GATE_FAIL:VWAP|GATE_FAIL:VOL|GATE_FAIL:HIGH20|GATE_FAIL:RS|NO_SETUP|scoring_version:v2
2026-04-11,2026-04-01,8162,CAUTION,0,True,False,38.51,38.7,41.11,,,,NO_BROKER_DATA|GATE_AVAILABLE:4|GATE_MET:0|GATE_FAIL:VWAP|GATE_FAIL:VOL|GATE_FAIL:HIGH20|GATE_FAIL:RS|NO_SETUP|scoring_version:v2
2026-04-11,2026-04-01,8163,CAUTION,0,True,False,27.06,27.2,29.19,,,,NO_BROKER_DATA|GATE_AVAILABLE:4|GATE_MET:0|GATE_FAIL:VWAP|GATE_FAIL:VOL|GATE_FAIL:HIGH20|GATE_FAIL:RS|NO_SETUP|scoring_version:v2
2026-04-11,2026-04-01,8182,CAUTION,41,True,False,28.95,29.1,31.34,,,,NO_BROKER_DATA|scoring_version:v2|SECTOR_RANK:8/209
2026-04-11,2026-04-01,8213,CAUTION,33,True,False,33.48,33.65,36.28,,,,NO_BROKER_DATA|scoring_version:v2|SECTOR_RANK:24/209
2026-04-11,2026-04-01,8210,CAUTION,32,True,False,894.5,899.0,943.95,,,,NO_BROKER_DATA|scoring_version:v2|SECTOR_RANK:8/111
2026-04-11,2026-04-01,8227,CAUTION,0,True,False,116.42,117.0,128.62,,,,NO_BROKER_DATA|GATE_AVAILABLE:4|GATE_MET:0|GATE_FAIL:VWAP|GATE_FAIL:VOL|GATE_FAIL:HIGH20|GATE_FAIL:RS|NO_SETUP|scoring_version:v2
2026-04-11,2026-04-01,8234,CAUTION,0,True,False,60.79,61.1,74.03,,,,NO_BROKER_DATA|GATE_AVAILABLE:4|GATE_MET:0|GATE_FAIL:VWAP|GATE_FAIL:VOL|GATE_FAIL:HIGH20|GATE_FAIL:RS|NO_SETUP|scoring_version:v2
2026-04-11,2026-04-01,8249,CAUTION,0,True,False,47.66,47.9,53.24,,,,NO_BROKER_DATA|GATE_AVAILABLE:4|GATE_MET:0|GATE_FAIL:VWAP|GATE_FAIL:VOL|GATE_FAIL:HIGH20|GATE_FAIL:RS|NO_SETUP|scoring_version:v2
2026-04-11,2026-04-01,8261,CAUTION,0,True,False,98.8,99.3,118.12,,,,NO_BROKER_DATA|GATE_AVAILABLE:4|GATE_MET:0|GATE_FAIL:VWAP|GATE_FAIL:VOL|GATE_FAIL:HIGH20|GATE_FAIL:RS|NO_SETUP|scoring_version:v2
2026-04-11,2026-04-01,8277,CAUTION,0,True,False,7.94,7.98,8.61,,,,NO_BROKER_DATA|GATE_AVAILABLE:4|GATE_MET:0|GATE_FAIL:VWAP|GATE_FAIL:VOL|GATE_FAIL:HIGH20|GATE_FAIL:RS|NO_SETUP|scoring_version:v2
2026-04-11,2026-04-01,8271,CAUTION,0,True,False,142.28,143.0,150.15,,,,NO_BROKER_DATA|GATE_AVAILABLE:4|GATE_MET:1|GATE_PASS:VWAP|GATE_FAIL:VOL|GATE_FAIL:HIGH20|GATE_FAIL:RS|NO_SETUP|scoring_version:v2
2026-04-11,2026-04-01,8289,CAUTION,26,True,False,36.86,37.05,40.69,,,,NO_BROKER_DATA|scoring_version:v2|SECTOR_RANK:41/209
2026-04-11,2026-04-01,8291,CAUTION,0,True,False,0.0,0.0,15.38,,,,NO_BROKER_DATA|GATE_AVAILABLE:4|GATE_MET:0|GATE_FAIL:VWAP|GATE_FAIL:VOL|GATE_FAIL:HIGH20|GATE_FAIL:RS|NO_SETUP|scoring_version:v2
2026-04-11,2026-04-01,8299,CAUTION,16,True,False,1641.75,1650.0,2010.75,,,,NO_BROKER_DATA|scoring_version:v2
2026-04-11,2026-04-01,8358,CAUTION,13,True,False,241.78,243.0,255.15,,,,NO_BROKER_DATA|scoring_version:v2
2026-04-11,2026-04-01,8383,CAUTION,0,True,False,44.03,44.25,46.88,,,,NO_BROKER_DATA|GATE_AVAILABLE:4|GATE_MET:0|GATE_FAIL:VWAP|GATE_FAIL:VOL|GATE_FAIL:HIGH20|GATE_FAIL:RS|NO_SETUP|scoring_version:v2
2026-04-11,2026-04-01,8410,CAUTION,0,True,False,36.12,36.3,38.54,,,,NO_BROKER_DATA|GATE_AVAILABLE:4|GATE_MET:0|GATE_FAIL:VWAP|GATE_FAIL:VOL|GATE_FAIL:HIGH20|GATE_FAIL:RS|NO_SETUP|scoring_version:v2
2026-04-11,2026-04-01,9912,CAUTION,41,True,False,12.64,12.7,13.33,,,,NO_BROKER_DATA|scoring_version:v2|SECTOR_RANK:3/111
